#
# There is insufficient memory for the Java Runtime Environment to continue.
# Native memory allocation (mmap) failed to map 65536 bytes. Error detail: Failed to commit metaspace.
# Possible reasons:
#   The system is out of physical RAM or swap space
# Possible solutions:
#   Reduce memory load on the system
#   Increase physical memory or swap space
#   Check if swap backing store is full
#   Decrease Java heap size (-Xmx/-Xms)
#   Decrease number of Java threads
#   Decrease Java thread stack sizes (-Xss)
#   Set larger code cache with -XX:ReservedCodeCacheSize=
# This output file may be truncated or incomplete.
#
#  Out of Memory Error (virtualSpaceNode.cpp:113), pid=10548, tid=8368
#
# JRE version: OpenJDK Runtime Environment Temurin-21.0.12.1+1 (21.0.12.1+1) (build 21.0.12.1+1-LTS)
# Java VM: OpenJDK 64-Bit Server VM Temurin-21.0.12.1+1 (21.0.12.1+1-LTS, mixed mode, sharing, tiered, compressed class ptrs, parallel gc, windows-amd64)
# No core dump will be written. Minidumps are not enabled by default on client versions of Windows
#

---------------  S U M M A R Y ------------

Command Line: --add-modules=ALL-SYSTEM --add-opens=java.base/java.util=ALL-UNNAMED --add-opens=java.base/java.lang=ALL-UNNAMED --add-opens=java.base/sun.nio.fs=ALL-UNNAMED -Declipse.application=org.eclipse.jdt.ls.core.id1 -Dosgi.bundles.defaultStartLevel=4 -Declipse.product=org.eclipse.jdt.ls.core.product -Djava.import.generatesMetadataFilesAtProjectRoot=false -Dm2e.project.cache.size=50 -DDetectVMInstallationsJob.disabled=true -Dfile.encoding=utf8 -XX:+UseParallelGC -XX:GCTimeRatio=4 -XX:AdaptiveSizePolicyWeight=90 -Dsun.zip.disableMemoryMapping=true -Xmx64G -Xms100m -Xlog:disable -javaagent:c:\Users\TanushVaish\.vscode\extensions\redhat.java-1.56.0-win32-x64\lombok\lombok-1.18.39-4050.jar c:\Users\TanushVaish\.vscode\extensions\redhat.java-1.56.0-win32-x64\server\plugins\org.eclipse.equinox.launcher_1.8.0.v20260804-1928.jar -configuration c:\Users\TanushVaish\AppData\Roaming\Code\User\globalStorage\redhat.java\1.56.0\config_ss_win -data c:\Users\TanushVaish\AppData\Roaming\Code\User\workspaceStorage\d1a0b086d11cab4b3ec97f5af116dc0e\redhat.java\ss_ws --pipe=\\.\pipe\lsp-d45ed19d64f699750f0992efeb266f8f-sock

Host: AMD Ryzen 5 3450U with Radeon Vega Mobile Gfx  , 8 cores, 5G,  Windows 10 , 64 bit Build 19041 (10.0.19041.7725)
Time: Sun Oct  4 17:45:09 2026 India Standard Time elapsed time: 15.164101 seconds (0d 0h 0m 15s)

---------------  T H R E A D  ---------------

Current thread (0x000001ec91315800):  JavaThread "Start Level: Equinox Container: b8c49d7a-65ff-44a8-8d65-f481e83d7ba3" daemon [_thread_in_vm, id=8368, stack(0x0000009a8fc00000,0x0000009a8fd00000) (1024K)]

Stack: [0x0000009a8fc00000,0x0000009a8fd00000]
Native frames: (J=compiled Java code, j=interpreted, Vv=VM code, C=native code)
V  [jvm.dll+0x6d83e9]
V  [jvm.dll+0x8b5736]
V  [jvm.dll+0x8b7cee]
V  [jvm.dll+0x8b83d3]
V  [jvm.dll+0x284596]
V  [jvm.dll+0x8b147e]
V  [jvm.dll+0x679ad4]
V  [jvm.dll+0x1e849b]
V  [jvm.dll+0x1e825e]
V  [jvm.dll+0x67c3d2]
V  [jvm.dll+0x67c202]
V  [jvm.dll+0x67a4ae]
V  [jvm.dll+0x26e951]
V  [jvm.dll+0x2197ee]
V  [jvm.dll+0x219be5]
V  [jvm.dll+0x21a5d8]
V  [jvm.dll+0x20f80e]
V  [jvm.dll+0x5b6a7f]
V  [jvm.dll+0x82f606]
V  [jvm.dll+0x4792f8]
V  [jvm.dll+0x47f128]
C  [java.dll+0x17ec]

Java frames: (J=compiled Java code, j=interpreted, Vv=VM code)
J 1126  java.lang.ClassLoader.defineClass1(Ljava/lang/ClassLoader;Ljava/lang/String;[BIILjava/security/ProtectionDomain;Ljava/lang/String;)Ljava/lang/Class; java.base@21.0.12.1 (0 bytes) @ 0x000001dbacfaed91 [0x000001dbacfaecc0+0x00000000000000d1]
J 1814 c1 java.lang.ClassLoader.defineClass(Ljava/lang/String;[BIILjava/security/ProtectionDomain;)Ljava/lang/Class; java.base@21.0.12.1 (43 bytes) @ 0x000001dba57b267c [0x000001dba57b2320+0x000000000000035c]
J 2357 c1 org.eclipse.osgi.internal.loader.ModuleClassLoader.defineClass(Ljava/lang/String;[BLorg/eclipse/osgi/internal/loader/classpath/ClasspathEntry;)Lorg/eclipse/osgi/internal/loader/ModuleClassLoader$DefineClassResult; (67 bytes) @ 0x000001dba58ecabc [0x000001dba58ec7a0+0x000000000000031c]
J 2147 c1 org.eclipse.osgi.internal.loader.classpath.ClasspathManager.defineClass(Ljava/lang/String;[BLorg/eclipse/osgi/internal/loader/classpath/ClasspathEntry;Lorg/eclipse/osgi/storage/bundlefile/BundleEntry;Ljava/util/List;)Ljava/lang/Class; (636 bytes) @ 0x000001dba5873004 [0x000001dba5871540+0x0000000000001ac4]
J 2148 c1 org.eclipse.osgi.internal.loader.classpath.ClasspathManager.findClassImpl(Ljava/lang/String;Lorg/eclipse/osgi/internal/loader/classpath/ClasspathEntry;Ljava/util/List;)Ljava/lang/Class; (328 bytes) @ 0x000001dba5879ea4 [0x000001dba58768c0+0x00000000000035e4]
J 1980 c1 org.eclipse.osgi.internal.loader.classpath.ClasspathManager.findLocalClassImpl(Ljava/lang/String;[Lorg/eclipse/osgi/internal/loader/classpath/ClasspathEntry;Ljava/util/List;)Ljava/lang/Class; (55 bytes) @ 0x000001dba5827864 [0x000001dba58276e0+0x0000000000000184]
J 1979 c1 org.eclipse.osgi.internal.loader.classpath.ClasspathManager.findLocalClassImpl(Ljava/lang/String;Ljava/util/List;)Ljava/lang/Class; (132 bytes) @ 0x000001dba5826e14 [0x000001dba58268e0+0x0000000000000534]
J 2082 c1 org.eclipse.osgi.internal.loader.classpath.ClasspathManager.findLocalClass(Ljava/lang/String;)Ljava/lang/Class; (210 bytes) @ 0x000001dba5851434 [0x000001dba5850760+0x0000000000000cd4]
J 1973 c1 org.eclipse.osgi.internal.loader.BundleLoader.findLocalClass(Ljava/lang/String;)Ljava/lang/Class; (159 bytes) @ 0x000001dba581c2e4 [0x000001dba581b6e0+0x0000000000000c04]
J 1881 c1 org.eclipse.osgi.internal.loader.BundleLoader.findClass0(Ljava/lang/String;ZZ)Ljava/lang/Class; (490 bytes) @ 0x000001dba57ed02c [0x000001dba57e9e60+0x00000000000031cc]
J 1880 c1 org.eclipse.osgi.internal.loader.BundleLoader.findClass(Ljava/lang/String;)Ljava/lang/Class; (8 bytes) @ 0x000001dba57e8f4c [0x000001dba57e8ec0+0x000000000000008c]
J 1884 c1 org.eclipse.osgi.internal.loader.ModuleClassLoader.loadClass(Ljava/lang/String;Z)Ljava/lang/Class; (36 bytes) @ 0x000001dba57f0ad4 [0x000001dba57f08a0+0x0000000000000234]
J 1020 c1 java.lang.ClassLoader.loadClass(Ljava/lang/String;)Ljava/lang/Class; java.base@21.0.12.1 (7 bytes) @ 0x000001dba56087d4 [0x000001dba56086c0+0x0000000000000114]
v  ~StubRoutines::call_stub 0x000001dbac9a0fff
j  org.eclipse.jdt.internal.core.JavaModelManager$8.optionsChanged(Lorg/eclipse/osgi/service/debug/DebugOptions;)V+140
j  org.eclipse.osgi.internal.debug.FrameworkDebugOptions.addingService(Lorg/osgi/framework/ServiceReference;)Lorg/eclipse/osgi/service/debug/DebugOptionsListener;+16
j  org.eclipse.osgi.internal.debug.FrameworkDebugOptions.addingService(Lorg/osgi/framework/ServiceReference;)Ljava/lang/Object;+5
j  org.osgi.util.tracker.ServiceTracker$Tracked.customizerAdding(Lorg/osgi/framework/ServiceReference;Lorg/osgi/framework/ServiceEvent;)Ljava/lang/Object;+8
j  org.osgi.util.tracker.ServiceTracker$Tracked.customizerAdding(Ljava/lang/Object;Ljava/lang/Object;)Ljava/lang/Object;+9
j  org.osgi.util.tracker.AbstractTracked.trackAdding(Ljava/lang/Object;Ljava/lang/Object;)V+8
j  org.osgi.util.tracker.AbstractTracked.track(Ljava/lang/Object;Ljava/lang/Object;)V+83
j  org.osgi.util.tracker.ServiceTracker$Tracked.serviceChanged(Lorg/osgi/framework/ServiceEvent;)V+67
J 1851 c1 org.eclipse.osgi.internal.serviceregistry.FilteredServiceListener.serviceChanged(Lorg/osgi/framework/ServiceEvent;)V (296 bytes) @ 0x000001dba57df1cc [0x000001dba57dc8a0+0x000000000000292c]
J 1849 c1 org.eclipse.osgi.internal.framework.BundleContextImpl.dispatchEvent(Ljava/lang/Object;Ljava/lang/Object;ILjava/lang/Object;)V (577 bytes) @ 0x000001dba57d6b6c [0x000001dba57d3280+0x00000000000038ec]
J 2099 c1 org.eclipse.osgi.framework.eventmgr.EventManager.dispatchEvent(Ljava/util/Set;Lorg/eclipse/osgi/framework/eventmgr/EventDispatcher;ILjava/lang/Object;)V (69 bytes) @ 0x000001dba58591d4 [0x000001dba5858cc0+0x0000000000000514]
j  org.eclipse.osgi.framework.eventmgr.ListenerQueue.dispatchEventSynchronous(ILjava/lang/Object;)V+67
j  org.eclipse.osgi.internal.serviceregistry.ServiceRegistry.publishServiceEventPrivileged(Lorg/osgi/framework/ServiceEvent;)V+320
j  org.eclipse.osgi.internal.serviceregistry.ServiceRegistry.publishServiceEvent(Lorg/osgi/framework/ServiceEvent;)V+8
j  org.eclipse.osgi.internal.serviceregistry.ServiceRegistrationImpl.register(Ljava/util/Dictionary;)V+137
j  org.eclipse.osgi.internal.serviceregistry.ServiceRegistry.registerService(Lorg/eclipse/osgi/internal/framework/BundleContextImpl;[Ljava/lang/String;Ljava/lang/Object;Ljava/util/Dictionary;)Lorg/eclipse/osgi/internal/serviceregistry/ServiceRegistrationImpl;+317
j  org.eclipse.osgi.internal.framework.BundleContextImpl.registerService([Ljava/lang/String;Ljava/lang/Object;Ljava/util/Dictionary;)Lorg/osgi/framework/ServiceRegistration;+15
j  org.eclipse.osgi.internal.framework.BundleContextImpl.registerService(Ljava/lang/String;Ljava/lang/Object;Ljava/util/Dictionary;)Lorg/osgi/framework/ServiceRegistration;+15
j  org.eclipse.osgi.internal.framework.BundleContextImpl.registerService(Ljava/lang/Class;Ljava/lang/Object;Ljava/util/Dictionary;)Lorg/osgi/framework/ServiceRegistration;+7
j  org.eclipse.jdt.internal.core.JavaModelManager.registerDebugOptionsListener(Lorg/osgi/framework/BundleContext;)V+32
j  org.eclipse.jdt.core.JavaCore.start(Lorg/osgi/framework/BundleContext;)V+6
j  org.eclipse.osgi.internal.framework.BundleContextImpl$2.run()Ljava/lang/Void;+23
j  org.eclipse.osgi.internal.framework.BundleContextImpl$2.run()Ljava/lang/Object;+1
J 1162 c1 java.security.AccessController.executePrivileged(Ljava/security/PrivilegedExceptionAction;Ljava/security/AccessControlContext;Ljava/lang/Class;)Ljava/lang/Object; java.base@21.0.12.1 (65 bytes) @ 0x000001dba564a244 [0x000001dba564a0e0+0x0000000000000164]
j  java.security.AccessController.doPrivileged(Ljava/security/PrivilegedExceptionAction;)Ljava/lang/Object;+9 java.base@21.0.12.1
j  org.eclipse.osgi.internal.framework.BundleContextImpl.startActivator(Lorg/osgi/framework/BundleActivator;)V+9
j  org.eclipse.osgi.internal.framework.BundleContextImpl.start()V+141
j  org.eclipse.osgi.internal.framework.EquinoxBundle.startWorker0()V+35
j  org.eclipse.osgi.internal.framework.EquinoxBundle$EquinoxModule.startWorker()V+4
j  org.eclipse.osgi.container.Module.doStart([Lorg/eclipse/osgi/container/Module$StartOptions;)Lorg/eclipse/osgi/container/ModuleContainerAdaptor$ModuleEvent;+200
J 2381 c1 org.eclipse.osgi.container.Module.start([Lorg/eclipse/osgi/container/Module$StartOptions;)V (662 bytes) @ 0x000001dba58f87cc [0x000001dba58f66c0+0x000000000000210c]
J 2562 c1 org.eclipse.osgi.framework.util.SecureAction.start(Lorg/eclipse/osgi/container/Module;[Lorg/eclipse/osgi/container/Module$StartOptions;)V (61 bytes) @ 0x000001dba594b79c [0x000001dba594b5e0+0x00000000000001bc]
J 1975 c1 org.eclipse.osgi.internal.hooks.EclipseLazyStarter.postFindLocalClass(Ljava/lang/String;Ljava/lang/Class;Lorg/eclipse/osgi/internal/loader/classpath/ClasspathManager;)V (394 bytes) @ 0x000001dba5820f14 [0x000001dba581ff40+0x0000000000000fd4]
J 2082 c1 org.eclipse.osgi.internal.loader.classpath.ClasspathManager.findLocalClass(Ljava/lang/String;)Ljava/lang/Class; (210 bytes) @ 0x000001dba5851784 [0x000001dba5850760+0x0000000000001024]
J 1973 c1 org.eclipse.osgi.internal.loader.BundleLoader.findLocalClass(Ljava/lang/String;)Ljava/lang/Class; (159 bytes) @ 0x000001dba581c2e4 [0x000001dba581b6e0+0x0000000000000c04]
J 2429 c1 org.eclipse.osgi.internal.loader.sources.SingleSourcePackage.loadClass(Ljava/lang/String;)Ljava/lang/Class; (9 bytes) @ 0x000001dba5915acc [0x000001dba59159c0+0x000000000000010c]
J 1881 c1 org.eclipse.osgi.internal.loader.BundleLoader.findClass0(Ljava/lang/String;ZZ)Ljava/lang/Class; (490 bytes) @ 0x000001dba57ecf34 [0x000001dba57e9e60+0x00000000000030d4]
J 1880 c1 org.eclipse.osgi.internal.loader.BundleLoader.findClass(Ljava/lang/String;)Ljava/lang/Class; (8 bytes) @ 0x000001dba57e8f4c [0x000001dba57e8ec0+0x000000000000008c]
J 1884 c1 org.eclipse.osgi.internal.loader.ModuleClassLoader.loadClass(Ljava/lang/String;Z)Ljava/lang/Class; (36 bytes) @ 0x000001dba57f0ad4 [0x000001dba57f08a0+0x0000000000000234]
J 1020 c1 java.lang.ClassLoader.loadClass(Ljava/lang/String;)Ljava/lang/Class; java.base@21.0.12.1 (7 bytes) @ 0x000001dba56087d4 [0x000001dba56086c0+0x0000000000000114]
v  ~StubRoutines::call_stub 0x000001dbac9a0fff
j  java.lang.Class.getDeclaredConstructors0(Z)[Ljava/lang/reflect/Constructor;+0 java.base@21.0.12.1
j  java.lang.Class.privateGetDeclaredConstructors(Z)[Ljava/lang/reflect/Constructor;+52 java.base@21.0.12.1
j  java.lang.Class.getConstructor0([Ljava/lang/Class;I)Ljava/lang/reflect/Constructor;+14 java.base@21.0.12.1
j  java.lang.Class.getConstructor([Ljava/lang/Class;)Ljava/lang/reflect/Constructor;+24 java.base@21.0.12.1
j  org.eclipse.osgi.internal.framework.BundleContextImpl.loadBundleActivator()Lorg/osgi/framework/BundleActivator;+105
j  org.eclipse.osgi.internal.framework.BundleContextImpl.start()V+18
j  org.eclipse.osgi.internal.framework.EquinoxBundle.startWorker0()V+35
j  org.eclipse.osgi.internal.framework.EquinoxBundle$EquinoxModule.startWorker()V+4
j  org.eclipse.osgi.container.Module.doStart([Lorg/eclipse/osgi/container/Module$StartOptions;)Lorg/eclipse/osgi/container/ModuleContainerAdaptor$ModuleEvent;+200
j  org.eclipse.osgi.container.Module.start([Lorg/eclipse/osgi/container/Module$StartOptions;)V+460
j  org.eclipse.osgi.container.ModuleContainer$ContainerStartLevel$2.run()V+83
j  org.eclipse.osgi.internal.framework.EquinoxContainerAdaptor$1$1.execute(Ljava/lang/Runnable;)V+1
j  org.eclipse.osgi.container.ModuleContainer$ContainerStartLevel.incStartLevel(ILjava/util/List;Z)V+193
j  org.eclipse.osgi.container.ModuleContainer$ContainerStartLevel.incStartLevel(ILjava/util/List;Ljava/util/List;Ljava/util/List;Ljava/util/List;)V+19
j  org.eclipse.osgi.container.ModuleContainer$ContainerStartLevel.doContainerStartLevel(Lorg/eclipse/osgi/container/Module;I[Lorg/osgi/framework/FrameworkListener;)V+358
j  org.eclipse.osgi.container.ModuleContainer$ContainerStartLevel.dispatchEvent(Lorg/eclipse/osgi/container/Module;[Lorg/osgi/framework/FrameworkListener;ILjava/lang/Integer;)V+32
j  org.eclipse.osgi.container.ModuleContainer$ContainerStartLevel.dispatchEvent(Ljava/lang/Object;Ljava/lang/Object;ILjava/lang/Object;)V+15
j  org.eclipse.osgi.framework.eventmgr.EventManager.dispatchEvent(Ljava/util/Set;Lorg/eclipse/osgi/framework/eventmgr/EventDispatcher;ILjava/lang/Object;)V+48
j  org.eclipse.osgi.framework.eventmgr.EventManager$EventThread.run()V+26
v  ~StubRoutines::call_stub 0x000001dbac9a0fff

Compiled method (n/a) 15445 1126     n 0       java.lang.ClassLoader::defineClass1 (native)
 total in heap  [0x000001dbacfaeb10,0x000001dbacfaef90] = 1152
 relocation     [0x000001dbacfaec70,0x000001dbacfaeca8] = 56
 main code      [0x000001dbacfaecc0,0x000001dbacfaef90] = 720

[Constant Pool (empty)]

[MachCode]
[Entry Point]
  # {method} {0x000001ec4a434b70} 'defineClass1' '(Ljava/lang/ClassLoader;Ljava/lang/String;[BIILjava/security/ProtectionDomain;Ljava/lang/String;)Ljava/lang/Class;' in 'java/lang/ClassLoader'
  # parm0:    rdx:rdx   = 'java/lang/ClassLoader'
  # parm1:    r8:r8     = 'java/lang/String'
  # parm2:    r9:r9     = '[B'
  # parm3:    rdi       = int
  # parm4:    rsi       = int
  # parm5:    rcx:rcx   = 'java/security/ProtectionDomain'
  # parm6:    [sp+0xa0]   = 'java/lang/String'  (sp of caller)
  0x000001dbacfaecc0: 448b 5208 | 49bb 0000 | 004a ec01 | 0000 4d03 | d349 3bc2 | 0f84 0600 

  0x000001dbacfaecd8: ;   {runtime_call ic_miss_stub}
  0x000001dbacfaecd8: 0000 e9a1 | f7a3 ff90 
[Verified Entry Point]
  0x000001dbacfaece0: 8984 2400 | 80ff ff55 | 488b ec48 | 81ec 9000 | 0000 6690 | 4181 7f20 | 0100 0000 

  0x000001dbacfaecfc: ;   {runtime_call StubRoutines (final stubs)}
  0x000001dbacfaecfc: 7405 e89d | 9ba2 ff48 | 837d 1000 | 488d 4510 | 480f 4445 | 1048 8944 | 2440 4889 | 4c24 7048 
  0x000001dbacfaed1c: 83f9 0048 | 8d44 2470 | 480f 4444 | 2470 4889 | 4424 3848 | 8974 2430 | 4889 7c24 | 284c 894c 
  0x000001dbacfaed3c: 2458 4983 | f900 488d | 4424 5848 | 0f44 4424 | 5848 8944 | 2420 4c89 | 4424 5049 | 83f8 004c 
  0x000001dbacfaed5c: 8d4c 2450 | 4c0f 444c | 2450 4889 | 5424 4848 | 83fa 004c | 8d44 2448 | 4c0f 4444 

  0x000001dbacfaed78: ;   {oop(a 'java/lang/Class'{0x000001dbb4600a48} = 'java/lang/ClassLoader')}
  0x000001dbacfaed78: 2448 49be | 480a 60b4 | db01 0000 | 4c89 7424 | 784c 8d74 | 2478 498b | d6c5 f877 

  0x000001dbacfaed94: ;   {internal_word}
  0x000001dbacfaed94: 49ba 91ed | faac db01 | 0000 4d89 | 97a8 0300 | 0049 89a7 | a003 0000 

  0x000001dbacfaedac: ;   {external_word}
  0x000001dbacfaedac: 49ba 066d | 9621 fd7f | 0000 4180 | 3a00 0f84 | 4e00 0000 | 5241 5041 

  0x000001dbacfaedc4: ;   {metadata({method} {0x000001ec4a434b70} 'defineClass1' '(Ljava/lang/ClassLoader;Ljava/lang/String;[BIILjava/security/ProtectionDomain;Ljava/lang/String;)Ljava/lang/Class;' in 'java/lang/ClassLoader')}
  0x000001dbacfaedc4: 5148 ba68 | 4b43 4aec | 0100 0049 | 8bcf 4883 | ec20 40f6 | c40f 0f84 | 1900 0000 | 4883 ec08 
  0x000001dbacfaede4: ;   {runtime_call}
  0x000001dbacfaede4: 48b8 e0ea | 3f21 fd7f | 0000 ffd0 | 4883 c408 | e90c 0000 

  0x000001dbacfaedf8: ;   {runtime_call}
  0x000001dbacfaedf8: 0048 b8e0 | ea3f 21fd | 7f00 00ff | d048 83c4 | 2041 5941 | 585a 498d | 8fc0 0300 | 0041 c787 
  0x000001dbacfaee18: 4c04 0000 | 0400 0000 

  0x000001dbacfaee20: ;   {runtime_call}
  0x000001dbacfaee20: 48b8 ac16 | 1eb5 fd7f | 0000 ffd0 | c5f8 7741 | c787 4c04 | 0000 0500 | 0000 f083 | 4424 c000 
  0x000001dbacfaee40: 493b af50 | 0400 000f | 870e 0000 | 0041 83bf | 4804 0000 | 000f 8428 | 0000 00c5 | f877 4889 
  0x000001dbacfaee60: 45f8 498b | cf4c 8be4 | 4883 ec20 | 4883 e4f0 

  0x000001dbacfaee70: ;   {runtime_call}
  0x000001dbacfaee70: 48b8 0058 | 0b21 fd7f | 0000 ffd0 | 498b e448 | 8b45 f841 | c787 4c04 | 0000 0800 | 0000 4183 
  0x000001dbacfaee90: bfc8 0400 | 0002 0f84 | ca00 0000 

  0x000001dbacfaee9c: ;   {external_word}
  0x000001dbacfaee9c: 49ba 066d | 9621 fd7f | 0000 4180 | 3a00 0f84 | 4c00 0000 | 4889 45f8 

  0x000001dbacfaeeb4: ;   {metadata({method} {0x000001ec4a434b70} 'defineClass1' '(Ljava/lang/ClassLoader;Ljava/lang/String;[BIILjava/security/ProtectionDomain;Ljava/lang/String;)Ljava/lang/Class;' in 'java/lang/ClassLoader')}
  0x000001dbacfaeeb4: 48ba 684b | 434a ec01 | 0000 498b | cf48 83ec | 2040 f6c4 | 0f0f 8419 | 0000 0048 

  0x000001dbacfaeed0: ;   {runtime_call}
  0x000001dbacfaeed0: 83ec 0848 | b8e0 ea3f | 21fd 7f00 | 00ff d048 | 83c4 08e9 | 0c00 0000 

  0x000001dbacfaeee8: ;   {runtime_call}
  0x000001dbacfaeee8: 48b8 e0ea | 3f21 fd7f | 0000 ffd0 | 4883 c420 | 488b 45f8 | 49c7 87a0 | 0300 0000 | 0000 0049 
  0x000001dbacfaef08: c787 a803 | 0000 0000 | 0000 c5f8 | 7748 85c0 | 0f84 2500 | 0000 a803 | 0f85 0800 | 0000 488b 
  0x000001dbacfaef28: 00e9 1500 | 0000 a801 | 0f85 0900 | 0000 488b | 40fe e904 | 0000 0048 | 8b40 ff49 | 8b8f 3004 
  0x000001dbacfaef48: 0000 c781 | 0001 0000 | 0000 0000 | c949 837f | 0800 0f85 | 0100 0000 

  0x000001dbacfaef60: ;   {runtime_call StubRoutines (initial stubs)}
  0x000001dbacfaef60: c3e9 9a1f | 9fff c5f8 | 7748 8945 | f84c 8be4 | 4883 ec20 | 4883 e4f0 

  0x000001dbacfaef78: ;   {runtime_call}
  0x000001dbacfaef78: 48b8 3022 | 4021 fd7f | 0000 ffd0 | 498b e448 | 8b45 f8e9 | 0cff ffff 
[/MachCode]


Compiled method (c1) 15474 1814       3       java.lang.ClassLoader::defineClass (43 bytes)
 total in heap  [0x000001dba57b2110,0x000001dba57b2a70] = 2400
 relocation     [0x000001dba57b2270,0x000001dba57b2310] = 160
 main code      [0x000001dba57b2320,0x000001dba57b27c0] = 1184
 stub code      [0x000001dba57b27c0,0x000001dba57b2838] = 120
 metadata       [0x000001dba57b2838,0x000001dba57b2868] = 48
 scopes data    [0x000001dba57b2868,0x000001dba57b2958] = 240
 scopes pcs     [0x000001dba57b2958,0x000001dba57b2a38] = 224
 dependencies   [0x000001dba57b2a38,0x000001dba57b2a48] = 16
 nul chk table  [0x000001dba57b2a48,0x000001dba57b2a70] = 40

[Constant Pool (empty)]

[MachCode]
[Entry Point]
  # {method} {0x000001ec4a434ef0} 'defineClass' '(Ljava/lang/String;[BIILjava/security/ProtectionDomain;)Ljava/lang/Class;' in 'java/lang/ClassLoader'
  # this:     rdx:rdx   = 'java/lang/ClassLoader'
  # parm0:    r8:r8     = 'java/lang/String'
  # parm1:    r9:r9     = '[B'
  # parm2:    rdi       = int
  # parm3:    rsi       = int
  # parm4:    rcx:rcx   = 'java/security/ProtectionDomain'
  #           [sp+0xc0]  (sp of caller)
  0x000001dba57b2320: 448b 5208 | 49bb 0000 | 004a ec01 | 0000 4d03 | d34c 3bd0 

  0x000001dba57b2334: ;   {runtime_call ic_miss_stub}
  0x000001dba57b2334: 0f85 46c1 | 2307 660f | 1f44 0000 
[Verified Entry Point]
  0x000001dba57b2340: 8984 2400 | 80ff ff55 | 4881 ecb0 | 0000 0090 | 4181 7f20 | 0100 0000 

  0x000001dba57b2358: ;   {runtime_call StubRoutines (final stubs)}
  0x000001dba57b2358: 7405 e841 | 6522 0748 | 8954 2478 

  0x000001dba57b2364: ;   {metadata(method data for {method} {0x000001ec4a434ef0} 'defineClass' '(Ljava/lang/String;[BIILjava/security/ProtectionDomain;)Ljava/lang/Class;' in 'java/lang/ClassLoader')}
  0x000001dba57b2364: 48bb 40bf | 378d ec01 | 0000 8b83 | cc00 0000 | 83c0 0289 | 83cc 0000 | 0025 fe07 | 0000 85c0 
  0x000001dba57b2384: 0f84 5803 | 0000 89b4 | 2494 0000 | 0089 bc24 | 9000 0000 | 4c89 8c24 | 8800 0000 

  0x000001dba57b23a0: ;   {metadata(method data for {method} {0x000001ec4a434ef0} 'defineClass' '(Ljava/lang/String;[BIILjava/security/ProtectionDomain;)Ljava/lang/Class;' in 'java/lang/ClassLoader')}
  0x000001dba57b23a0: 488b da48 | b840 bf37 | 8dec 0100 | 0048 8380 | 1001 0000 | 0149 8bd8 | 4c8b c34c | 8bc9 488b 
  0x000001dba57b23c0: ca48 8bd1 | 4889 9c24 | 8000 0000 

  0x000001dba57b23cc: ;   {optimized virtual_call}
  0x000001dba57b23cc: 6666 90e8 

  0x000001dba57b23d0: ; ImmutableOopMap {[120]=Oop [128]=Oop [136]=Oop }
                      ;*invokevirtual preDefineClass {reexecute=0 rethrow=0 return_oop=0}
                      ; - java.lang.ClassLoader::defineClass@4
  0x000001dba57b23d0: 4c83 efff 

  0x000001dba57b23d4: ;   {other}
  0x000001dba57b23d4: 0f1f 8400 | c402 0000 | 4889 8424 | 9800 0000 | 488b 5424 

  0x000001dba57b23e8: ;   {metadata(method data for {method} {0x000001ec4a434ef0} 'defineClass' '(Ljava/lang/String;[BIILjava/security/ProtectionDomain;)Ljava/lang/Class;' in 'java/lang/ClassLoader')}
  0x000001dba57b23e8: 7849 b840 | bf37 8dec | 0100 0049 | 8380 4801 

  0x000001dba57b23f8: ;   {metadata(method data for {method} {0x000001ec4a434bd8} 'defineClassSourceLocation' '(Ljava/security/ProtectionDomain;)Ljava/lang/String;' in 'java/lang/ClassLoader')}
  0x000001dba57b23f8: 0000 0149 | b858 c637 | 8dec 0100 | 0041 8b90 | cc00 0000 | 83c2 0241 | 8990 cc00 | 0000 81e2 
  0x000001dba57b2418: feff 1f00 | 85d2 0f84 | df02 0000 

  0x000001dba57b2424: ; implicit exception: dispatches to 0x000001dba57b2724
  0x000001dba57b2424: 483b 004c 

  0x000001dba57b2428: ;   {metadata(method data for {method} {0x000001ec4a434bd8} 'defineClassSourceLocation' '(Ljava/security/ProtectionDomain;)Ljava/lang/String;' in 'java/lang/ClassLoader')}
  0x000001dba57b2428: 8bc0 48ba | 58c6 378d | ec01 0000 | 4883 8210 | 0100 0001 | 4c8b 4010 

  0x000001dba57b2440: ;   {metadata(method data for {method} {0x000001ec4a434bd8} 'defineClassSourceLocation' '(Ljava/security/ProtectionDomain;)Ljava/lang/String;' in 'java/lang/ClassLoader')}
  0x000001dba57b2440: 4d85 c048 | ba58 c637 | 8dec 0100 | 0048 c7c6 | 5801 0000 | 7507 48c7 | c648 0100 | 0048 8b3c 
  0x000001dba57b2460: 3248 8d7f | 0148 893c | 320f 850f 

  0x000001dba57b246c: ;   {oop(nullptr)}
  0x000001dba57b246c: 0000 0048 | bb00 0000 | 0000 0000 | 00e9 a901 | 0000 493b | 0049 8bd0 

  0x000001dba57b2484: ;   {metadata(method data for {method} {0x000001ec4a434bd8} 'defineClassSourceLocation' '(Ljava/security/ProtectionDomain;)Ljava/lang/String;' in 'java/lang/ClassLoader')}
  0x000001dba57b2484: 48be 58c6 | 378d ec01 | 0000 4883 | 8668 0100 | 0001 498b | 5010 4885 

  0x000001dba57b249c: ;   {metadata(method data for {method} {0x000001ec4a434bd8} 'defineClassSourceLocation' '(Ljava/security/ProtectionDomain;)Ljava/lang/String;' in 'java/lang/ClassLoader')}
  0x000001dba57b249c: d248 be58 | c637 8dec | 0100 0048 | c7c7 b001 | 0000 7507 | 48c7 c7a0 | 0100 0048 | 8b1c 3e48 
  0x000001dba57b24bc: 8d5b 0148 | 891c 3e0f | 850f 0000 

  0x000001dba57b24c8: ;   {oop(nullptr)}
  0x000001dba57b24c8: 0048 bb00 | 0000 0000 | 0000 00e9 | 4f01 0000 

  0x000001dba57b24d8: ;   {metadata(method data for {method} {0x000001ec4a434bd8} 'defineClassSourceLocation' '(Ljava/security/ProtectionDomain;)Ljava/lang/String;' in 'java/lang/ClassLoader')}
  0x000001dba57b24d8: 48be 58c6 | 378d ec01 | 0000 4883 | 86c0 0100 | 0001 483b | 024c 8bc2 

  0x000001dba57b24f0: ;   {metadata(method data for {method} {0x000001ec4a434bd8} 'defineClassSourceLocation' '(Ljava/security/ProtectionDomain;)Ljava/lang/String;' in 'java/lang/ClassLoader')}
  0x000001dba57b24f0: 48be 58c6 | 378d ec01 | 0000 4883 | 86f8 0100 

  0x000001dba57b2500: ;   {metadata(method data for {method} {0x000001ec4a01abf0} 'toString' '()Ljava/lang/String;' in 'java/net/URL')}
  0x000001dba57b2500: 0001 49b8 | 28ba 378d | ec01 0000 | 418b b0cc | 0000 0083 | c602 4189 | b0cc 0000 | 0081 e6fe 
  0x000001dba57b2520: ff1f 0085 | f60f 8408 | 0200 004c 

  0x000001dba57b252c: ;   {metadata(method data for {method} {0x000001ec4a01abf0} 'toString' '()Ljava/lang/String;' in 'java/net/URL')}
  0x000001dba57b252c: 8bc2 48be | 28ba 378d | ec01 0000 | 4883 8610 | 0100 0001 

  0x000001dba57b2540: ;   {metadata(method data for {method} {0x000001ec4a428778} 'toExternalForm' '()Ljava/lang/String;' in 'java/net/URL')}
  0x000001dba57b2540: 49b8 9845 | 378d ec01 | 0000 418b | b0cc 0000 | 0083 c602 | 4189 b0cc | 0000 0081 | e6fe ff1f 
  0x000001dba57b2560: 0085 f60f | 84eb 0100 | 0048 8b72 | 6048 3b06 

  0x000001dba57b2570: ;   {metadata(method data for {method} {0x000001ec4a428778} 'toExternalForm' '()Ljava/lang/String;' in 'java/net/URL')}
  0x000001dba57b2570: 4c8b c648 | bf98 4537 | 8dec 0100 | 0045 8b40 | 0849 ba00 | 0000 4aec | 0100 004d | 03c2 4c3b 
  0x000001dba57b2590: 8720 0100 | 0075 0d48 | 8387 2801 | 0000 01e9 | 6000 0000 | 4c3b 8730 | 0100 0075 | 0d48 8387 
  0x000001dba57b25b0: 3801 0000 | 01e9 4a00 | 0000 4883 | bf20 0100 | 0000 7517 | 4c89 8720 | 0100 0048 | c787 2801 
  0x000001dba57b25d0: 0000 0100 | 0000 e929 | 0000 0048 | 83bf 3001 | 0000 0075 | 174c 8987 | 3001 0000 | 48c7 8738 
  0x000001dba57b25f0: 0100 0001 | 0000 00e9 | 0800 0000 | 4883 8710 | 0100 0001 | 4c8b c248 | 8bd6 6666 | 9048 b8ff 
  0x000001dba57b2610: ffff ffff 

  0x000001dba57b2614: ;   {virtual_call}
  0x000001dba57b2614: ffff ffe8 

  0x000001dba57b2618: ; ImmutableOopMap {[120]=Oop [128]=Oop [136]=Oop [152]=Oop }
                      ;*invokevirtual toExternalForm {reexecute=0 rethrow=0 return_oop=0}
                      ; - java.net.URL::toExternalForm@5
                      ; - java.net.URL::toString@1
                      ; - java.lang.ClassLoader::defineClassSourceLocation@22
                      ; - java.lang.ClassLoader::defineClass@12
  0x000001dba57b2618: e417 3007 

  0x000001dba57b261c: ;   {other}
  0x000001dba57b261c: 0f1f 8400 | 0c05 0001 | 488b d848 | 8b84 2498 | 0000 008b | b424 9400 | 0000 8bbc | 2490 0000 
  0x000001dba57b263c: 004c 8b8c | 2488 0000 | 004c 8b84 | 2480 0000 | 0048 8b54 

  0x000001dba57b2650: ;   {metadata(method data for {method} {0x000001ec4a434ef0} 'defineClass' '(Ljava/lang/String;[BIILjava/security/ProtectionDomain;)Ljava/lang/Class;' in 'java/lang/ClassLoader')}
  0x000001dba57b2650: 2478 48b9 | 40bf 378d | ec01 0000 | 4883 8180 | 0100 0001 | 4c8b da49 | 8bd3 488b | c848 891c 
  0x000001dba57b2670: 2466 0f1f 

  0x000001dba57b2674: ;   {static_call}
  0x000001dba57b2674: 4400 00e8 

  0x000001dba57b2678: ; ImmutableOopMap {[120]=Oop [152]=Oop }
                      ;*invokestatic defineClass1 {reexecute=0 rethrow=0 return_oop=0}
                      ; - java.lang.ClassLoader::defineClass@27
  0x000001dba57b2678: 64c6 7f07 

  0x000001dba57b267c: ;   {other}
  0x000001dba57b267c: 0f1f 8400 | 6c05 0002 | 488b 5424 

  0x000001dba57b2688: ;   {metadata(method data for {method} {0x000001ec4a434ef0} 'defineClass' '(Ljava/lang/String;[BIILjava/security/ProtectionDomain;)Ljava/lang/Class;' in 'java/lang/ClassLoader')}
  0x000001dba57b2688: 7849 b840 | bf37 8dec | 0100 0049 | 8380 9001 | 0000 014c | 8bc0 4c8b | 8c24 9800 | 0000 488b 
  0x000001dba57b26a8: 5424 7848 | 8984 24a0 | 0000 000f 

  0x000001dba57b26b4: ;   {optimized virtual_call}
  0x000001dba57b26b4: 1f40 00e8 

  0x000001dba57b26b8: ; ImmutableOopMap {[160]=Oop }
                      ;*invokevirtual postDefineClass {reexecute=0 rethrow=0 return_oop=0}
                      ; - java.lang.ClassLoader::defineClass@37
  0x000001dba57b26b8: e4ba f8ff 

  0x000001dba57b26bc: ;   {other}
  0x000001dba57b26bc: 0f1f 8400 | ac05 0003 | 488b 8424 | a000 0000 | 4881 c4b0 | 0000 005d 

  0x000001dba57b26d4: ;   {poll_return}
  0x000001dba57b26d4: 493b a750 | 0400 000f | 8799 0000 

  0x000001dba57b26e0: ;   {metadata({method} {0x000001ec4a434ef0} 'defineClass' '(Ljava/lang/String;[BIILjava/security/ProtectionDomain;)Ljava/lang/Class;' in 'java/lang/ClassLoader')}
  0x000001dba57b26e0: 00c3 49ba | e84e 434a | ec01 0000 | 4c89 5424 | 0848 c704 | 24ff ffff 

  0x000001dba57b26f8: ;   {runtime_call counter_overflow Runtime1 stub}
  0x000001dba57b26f8: ffe8 0236 

  0x000001dba57b26fc: ; ImmutableOopMap {rdx=Oop r8=Oop r9=Oop rcx=Oop [120]=Oop }
                      ;*synchronization entry
                      ; - java.lang.ClassLoader::defineClass@-1
  0x000001dba57b26fc: 2f07 e987 

  0x000001dba57b2700: ;   {metadata({method} {0x000001ec4a434bd8} 'defineClassSourceLocation' '(Ljava/security/ProtectionDomain;)Ljava/lang/String;' in 'java/lang/ClassLoader')}
  0x000001dba57b2700: fcff ff49 | bad0 4b43 | 4aec 0100 | 004c 8954 | 2408 48c7 | 0424 ffff 

  0x000001dba57b2718: ;   {runtime_call counter_overflow Runtime1 stub}
  0x000001dba57b2718: ffff e8e1 

  0x000001dba57b271c: ; ImmutableOopMap {rax=Oop [120]=Oop [128]=Oop [136]=Oop [152]=Oop }
                      ;*synchronization entry
                      ; - java.lang.ClassLoader::defineClassSourceLocation@-1
                      ; - java.lang.ClassLoader::defineClass@12
  0x000001dba57b271c: 352f 07e9 | 00fd ffff 

  0x000001dba57b2724: ;   {runtime_call throw_null_pointer_exception Runtime1 stub}
  0x000001dba57b2724: e8d7 e12e 

  0x000001dba57b2728: ; ImmutableOopMap {rax=Oop [120]=Oop [128]=Oop [136]=Oop [152]=Oop }
                      ;*invokevirtual getCodeSource {reexecute=0 rethrow=0 return_oop=0}
                      ; - java.lang.ClassLoader::defineClassSourceLocation@1
                      ; - java.lang.ClassLoader::defineClass@12
                      ;   {runtime_call throw_null_pointer_exception Runtime1 stub}
  0x000001dba57b2728: 07e8 d2e1 

  0x000001dba57b272c: ; ImmutableOopMap {rax=Oop r8=Oop [120]=Oop [128]=Oop [136]=Oop [152]=Oop }
                      ;*invokevirtual getLocation {reexecute=0 rethrow=0 return_oop=0}
                      ; - java.lang.ClassLoader::defineClassSourceLocation@12
                      ; - java.lang.ClassLoader::defineClass@12
                      ;   {runtime_call throw_null_pointer_exception Runtime1 stub}
  0x000001dba57b272c: 2e07 e8cd 

  0x000001dba57b2730: ; ImmutableOopMap {rdx=Oop [120]=Oop [128]=Oop [136]=Oop [152]=Oop }
                      ;*invokevirtual toString {reexecute=0 rethrow=0 return_oop=0}
                      ; - java.lang.ClassLoader::defineClassSourceLocation@22
                      ; - java.lang.ClassLoader::defineClass@12
                      ;   {metadata({method} {0x000001ec4a01abf0} 'toString' '()Ljava/lang/String;' in 'java/net/URL')}
  0x000001dba57b2730: e12e 0749 | bae8 ab01 | 4aec 0100 | 004c 8954 | 2408 48c7 | 0424 ffff 

  0x000001dba57b2748: ;   {runtime_call counter_overflow Runtime1 stub}
  0x000001dba57b2748: ffff e8b1 

  0x000001dba57b274c: ; ImmutableOopMap {rdx=Oop [120]=Oop [128]=Oop [136]=Oop [152]=Oop }
                      ;*synchronization entry
                      ; - java.net.URL::toString@-1
                      ; - java.lang.ClassLoader::defineClassSourceLocation@22
                      ; - java.lang.ClassLoader::defineClass@12
  0x000001dba57b274c: 352f 07e9 | d7fd ffff 

  0x000001dba57b2754: ;   {metadata({method} {0x000001ec4a428778} 'toExternalForm' '()Ljava/lang/String;' in 'java/net/URL')}
  0x000001dba57b2754: 49ba 7087 | 424a ec01 | 0000 4c89 | 5424 0848 | c704 24ff 

  0x000001dba57b2768: ;   {runtime_call counter_overflow Runtime1 stub}
  0x000001dba57b2768: ffff ffe8 

  0x000001dba57b276c: ; ImmutableOopMap {rdx=Oop [120]=Oop [128]=Oop [136]=Oop [152]=Oop }
                      ;*synchronization entry
                      ; - java.net.URL::toExternalForm@-1
                      ; - java.net.URL::toString@1
                      ; - java.lang.ClassLoader::defineClassSourceLocation@22
                      ; - java.lang.ClassLoader::defineClass@12
  0x000001dba57b276c: 9035 2f07 | e9f4 fdff 

  0x000001dba57b2774: ;   {runtime_call throw_null_pointer_exception Runtime1 stub}
  0x000001dba57b2774: ffe8 86e1 

  0x000001dba57b2778: ; ImmutableOopMap {rdx=Oop rsi=Oop [120]=Oop [128]=Oop [136]=Oop [152]=Oop }
                      ;*invokevirtual toExternalForm {reexecute=0 rethrow=0 return_oop=0}
                      ; - java.net.URL::toExternalForm@5
                      ; - java.net.URL::toString@1
                      ; - java.lang.ClassLoader::defineClassSourceLocation@22
                      ; - java.lang.ClassLoader::defineClass@12
                      ;   {internal_word}
  0x000001dba57b2778: 2e07 49ba | d426 7ba5 | db01 0000 | 4d89 9768 

  0x000001dba57b2788: ;   {runtime_call SafepointBlob}
  0x000001dba57b2788: 0400 00e9 | 7023 2407 | 498b 8700 | 0500 0049 | c787 0005 | 0000 0000 | 0000 49c7 | 8708 0500 
  0x000001dba57b27a8: 0000 0000 | 0048 81c4 | b000 0000 

  0x000001dba57b27b4: ;   {runtime_call unwind_exception Runtime1 stub}
  0x000001dba57b27b4: 5de9 46d2 | 2e07 f4f4 | f4f4 f4f4 
[Stub Code]
  0x000001dba57b27c0: ;   {no_reloc}
  0x000001dba57b27c0: 0f1f 4400 

  0x000001dba57b27c4: ;   {static_stub}
  0x000001dba57b27c4: 0048 bb00 | 0000 0000 

  0x000001dba57b27cc: ;   {runtime_call nmethod}
  0x000001dba57b27cc: 0000 00e9 | fbff ffff 

  0x000001dba57b27d4: ;   {static_stub}
  0x000001dba57b27d4: 48bb 0000 | 0000 0000 

  0x000001dba57b27dc: ;   {runtime_call nmethod}
  0x000001dba57b27dc: 0000 e9fb 

  0x000001dba57b27e0: ;   {static_stub}
  0x000001dba57b27e0: ffff ff48 | bb00 0000 | 0000 0000 

  0x000001dba57b27ec: ;   {runtime_call nmethod}
  0x000001dba57b27ec: 00e9 fbff 

  0x000001dba57b27f0: ;   {static_stub}
  0x000001dba57b27f0: ffff 48bb | 0000 0000 | 0000 0000 

  0x000001dba57b27fc: ;   {runtime_call nmethod}
  0x000001dba57b27fc: e9fb ffff 

  0x000001dba57b2800: ;   {runtime_call handle_exception_from_callee Runtime1 stub}
  0x000001dba57b2800: ffe8 fafe 

  0x000001dba57b2804: ;   {external_word}
  0x000001dba57b2804: 2e07 48b9 | 5063 6c21 | fd7f 0000 | 4883 e4f0 

  0x000001dba57b2814: ;   {runtime_call}
  0x000001dba57b2814: 48b8 c0c9 | 2e21 fd7f | 0000 ffd0 

  0x000001dba57b2820: ;   {section_word}
  0x000001dba57b2820: f449 ba21 | 287b a5db | 0100 0041 

  0x000001dba57b282c: ;   {runtime_call DeoptimizationBlob}
  0x000001dba57b282c: 52e9 6e15 | 2407 f4f4 | f4f4 f4f4 
[/MachCode]


Compiled method (c1) 15522 2357   !   3       org.eclipse.osgi.internal.loader.ModuleClassLoader::defineClass (67 bytes)
 total in heap  [0x000001dba58ec590,0x000001dba58ed170] = 3040
 relocation     [0x000001dba58ec6f0,0x000001dba58ec798] = 168
 main code      [0x000001dba58ec7a0,0x000001dba58ecda0] = 1536
 stub code      [0x000001dba58ecda0,0x000001dba58ece10] = 112
 oops           [0x000001dba58ece10,0x000001dba58ece18] = 8
 metadata       [0x000001dba58ece18,0x000001dba58ece58] = 64
 scopes data    [0x000001dba58ece58,0x000001dba58ecfa8] = 336
 scopes pcs     [0x000001dba58ecfa8,0x000001dba58ed0b8] = 272
 dependencies   [0x000001dba58ed0b8,0x000001dba58ed0d0] = 24
 handler table  [0x000001dba58ed0d0,0x000001dba58ed148] = 120
 nul chk table  [0x000001dba58ed148,0x000001dba58ed170] = 40

[Constant Pool (empty)]

[MachCode]
[Entry Point]
  # {method} {0x000001ec8d5dfd38} 'defineClass' '(Ljava/lang/String;[BLorg/eclipse/osgi/internal/loader/classpath/ClasspathEntry;)Lorg/eclipse/osgi/internal/loader/ModuleClassLoader$DefineClassResult;' in 'org/eclipse/osgi/internal/loader/ModuleClassLoader'
  # this:     rdx:rdx   = 'org/eclipse/osgi/internal/loader/ModuleClassLoader'
  # parm0:    r8:r8     = 'java/lang/String'
  # parm1:    r9:r9     = '[B'
  # parm2:    rdi:rdi   = 'org/eclipse/osgi/internal/loader/classpath/ClasspathEntry'
  #           [sp+0xb0]  (sp of caller)
  0x000001dba58ec7a0: 448b 5208 | 49bb 0000 | 004a ec01 | 0000 4d03 | d34c 3bd0 

  0x000001dba58ec7b4: ;   {runtime_call ic_miss_stub}
  0x000001dba58ec7b4: 0f85 c61c | 1007 660f | 1f44 0000 
[Verified Entry Point]
  0x000001dba58ec7c0: 8984 2400 | 80ff ff55 | 4881 eca0 | 0000 0090 | 4181 7f20 | 0100 0000 

  0x000001dba58ec7d8: ;   {runtime_call StubRoutines (final stubs)}
  0x000001dba58ec7d8: 7405 e8c1 

  0x000001dba58ec7dc: ;   {metadata(method data for {method} {0x000001ec8d5dfd38} 'defineClass' '(Ljava/lang/String;[BLorg/eclipse/osgi/internal/loader/classpath/ClasspathEntry;)Lorg/eclipse/osgi/internal/loader/ModuleClassLoader$DefineClassResult;' in 'org/eclipse/osgi/internal/loader/ModuleClassLoader')}
  0x000001dba58ec7dc: c00e 0748 | bea8 2dac | 8dec 0100 | 008b 9ecc | 0000 0083 | c302 899e | cc00 0000 | 81e3 fe07 
  0x000001dba58ec7fc: 0000 85db | 0f84 5004 | 0000 4889 | 7c24 704c | 894c 2468 

  0x000001dba58ec810: ;   {metadata(method data for {method} {0x000001ec8d5dfd38} 'defineClass' '(Ljava/lang/String;[BLorg/eclipse/osgi/internal/loader/classpath/ClasspathEntry;)Lorg/eclipse/osgi/internal/loader/ModuleClassLoader$DefineClassResult;' in 'org/eclipse/osgi/internal/loader/ModuleClassLoader')}
  0x000001dba58ec810: 488b f248 | bba8 2dac | 8dec 0100 | 008b 7608 | 49ba 0000 | 004a ec01 | 0000 4903 | f248 3bb3 
  0x000001dba58ec830: 2001 0000 | 750d 4883 | 8328 0100 | 0001 e960 | 0000 0048 | 3bb3 3001 | 0000 750d | 4883 8338 
  0x000001dba58ec850: 0100 0001 | e94a 0000 | 0048 83bb | 2001 0000 | 0075 1748 | 89b3 2001 | 0000 48c7 | 8328 0100 
  0x000001dba58ec870: 0001 0000 | 00e9 2900 | 0000 4883 | bb30 0100 | 0000 7517 | 4889 b330 | 0100 0048 | c783 3801 
  0x000001dba58ec890: 0000 0100 | 0000 e908 | 0000 0048 | 8383 1001 

  0x000001dba58ec8a0: ;   {metadata(method data for {method} {0x000001ec8d6249f0} 'getClassLoadingLock' '(Ljava/lang/String;)Ljava/lang/Object;' in 'org/eclipse/osgi/internal/loader/ModuleClassLoader')}
  0x000001dba58ec8a0: 0000 0148 | be00 5991 | 8dec 0100 | 008b 9ecc | 0000 0083 | c302 899e | cc00 0000 | 81e3 feff 
  0x000001dba58ec8c0: 1f00 85db | 0f84 ad03 | 0000 488b | b288 0000 | 0048 3b06 

  0x000001dba58ec8d4: ;   {metadata(method data for {method} {0x000001ec8d6249f0} 'getClassLoadingLock' '(Ljava/lang/String;)Ljava/lang/Object;' in 'org/eclipse/osgi/internal/loader/ModuleClassLoader')}
  0x000001dba58ec8d4: 488b de48 | b800 5991 | 8dec 0100 | 0048 8380 | 1001 0000 | 0149 8bd8 | 4c8b c348 | 8954 2458 
  0x000001dba58ec8f4: 488b d648 | 895c 2460 

  0x000001dba58ec8fc: ;   {optimized virtual_call}
  0x000001dba58ec8fc: 6666 90e8 

  0x000001dba58ec900: ; ImmutableOopMap {[88]=Oop [96]=Oop [104]=Oop [112]=Oop }
                      ;*invokevirtual getLock {reexecute=0 rethrow=0 return_oop=0}
                      ; - org.eclipse.osgi.internal.loader.ModuleClassLoader::getClassLoadingLock@5 (line 437)
                      ; - org.eclipse.osgi.internal.loader.ModuleClassLoader::defineClass@8 (line 312)
  0x000001dba58ec900: fc5c f1ff 

  0x000001dba58ec904: ;   {other}
  0x000001dba58ec904: 0f1f 8400 | 7403 0000 | 4889 4424 | 7848 8d94 | 2480 0000 | 0048 8bf0 | 4889 7208 

  0x000001dba58ec920: ; implicit exception: dispatches to 0x000001dba58ecc9d
  0x000001dba58ec920: 488b 0648 | 83c8 0148 | 8902 f048 | 0fb1 160f | 8412 0000 | 0048 2bc4 | 4825 07f0 | ffff 4889 
  0x000001dba58ec940: 020f 855b | 0300 0049 | ff87 5005 | 0000 488b 

  0x000001dba58ec950: ;   {metadata(method data for {method} {0x000001ec8d5dfd38} 'defineClass' '(Ljava/lang/String;[BLorg/eclipse/osgi/internal/loader/classpath/ClasspathEntry;)Lorg/eclipse/osgi/internal/loader/ModuleClassLoader$DefineClassResult;' in 'org/eclipse/osgi/internal/loader/ModuleClassLoader')}
  0x000001dba58ec950: 5424 5848 | bea8 2dac | 8dec 0100 | 0048 8386 | 4801 0000 

  0x000001dba58ec964: ;   {metadata(method data for {method} {0x000001ec4a434ff8} 'findLoadedClass' '(Ljava/lang/String;)Ljava/lang/Class;' in 'java/lang/ClassLoader')}
  0x000001dba58ec964: 0148 bab8 | 7924 8dec | 0100 008b | b2cc 0000 | 0083 c602 | 89b2 cc00 | 0000 81e6 | feff 1f00 
  0x000001dba58ec984: 85f6 0f84 | 2903 0000 

  0x000001dba58ec98c: ;   {metadata(method data for {method} {0x000001ec4a434ff8} 'findLoadedClass' '(Ljava/lang/String;)Ljava/lang/Class;' in 'java/lang/ClassLoader')}
  0x000001dba58ec98c: 48ba b879 | 248d ec01 | 0000 4883 | 8210 0100 | 0001 488b | 5424 600f 

  0x000001dba58ec9a4: ;   {static_call}
  0x000001dba58ec9a4: 1f40 00e8 

  0x000001dba58ec9a8: ; ImmutableOopMap {[88]=Oop [96]=Oop [104]=Oop [112]=Oop [120]=Oop [136]=Oop }
                      ;*invokestatic checkName {reexecute=0 rethrow=0 return_oop=0}
                      ; - java.lang.ClassLoader::findLoadedClass@1
                      ; - org.eclipse.osgi.internal.loader.ModuleClassLoader::defineClass@17 (line 313)
  0x000001dba58ec9a8: 14df 7207 

  0x000001dba58ec9ac: ;   {other}
  0x000001dba58ec9ac: 0f1f 8400 | 1c04 0001 

  0x000001dba58ec9b4: ;   {metadata(method data for {method} {0x000001ec4a434ff8} 'findLoadedClass' '(Ljava/lang/String;)Ljava/lang/Class;' in 'java/lang/ClassLoader')}
  0x000001dba58ec9b4: 85c0 49b8 | b879 248d | ec01 0000 | 48c7 c220 | 0100 0075 | 0748 c7c2 | 3001 0000 | 498b 3410 
  0x000001dba58ec9d4: 488d 7601 | 4989 3410 | 0f85 0f00 

  0x000001dba58ec9e0: ;   {oop(nullptr)}
  0x000001dba58ec9e0: 0000 48be | 0000 0000 | 0000 0000 | e936 0000 | 0048 8b54 

  0x000001dba58ec9f4: ;   {metadata(method data for {method} {0x000001ec4a434ff8} 'findLoadedClass' '(Ljava/lang/String;)Ljava/lang/Class;' in 'java/lang/ClassLoader')}
  0x000001dba58ec9f4: 2458 49b8 | b879 248d | ec01 0000 | 4983 8040 | 0100 0001 | 4c8b 4424 | 6048 8b54 | 2458 0f1f 
  0x000001dba58eca14: ;   {optimized virtual_call}
  0x000001dba58eca14: 4400 00e8 

  0x000001dba58eca18: ; ImmutableOopMap {[88]=Oop [96]=Oop [104]=Oop [112]=Oop [120]=Oop [136]=Oop }
                      ;*invokevirtual findLoadedClass0 {reexecute=0 rethrow=0 return_oop=0}
                      ; - java.lang.ClassLoader::findLoadedClass@11
                      ; - org.eclipse.osgi.internal.loader.ModuleClassLoader::defineClass@17 (line 313)
  0x000001dba58eca18: 246e 6707 

  0x000001dba58eca1c: ;   {other}
  0x000001dba58eca1c: 0f1f 8400 | 8c04 0002 | 488b f048 

  0x000001dba58eca28: ;   {metadata(method data for {method} {0x000001ec8d5dfd38} 'defineClass' '(Ljava/lang/String;[BLorg/eclipse/osgi/internal/loader/classpath/ClasspathEntry;)Lorg/eclipse/osgi/internal/loader/ModuleClassLoader$DefineClassResult;' in 'org/eclipse/osgi/internal/loader/ModuleClassLoader')}
  0x000001dba58eca28: 85f6 49b8 | a82d ac8d | ec01 0000 | 49c7 c190 | 0100 0074 | 0749 c7c1 | 8001 0000 | 4b8b 3c08 
  0x000001dba58eca48: 488d 7f01 | 4b89 3c08 | 0f84 0e00 | 0000 488b | de41 b800 | 0000 00e9 | 6900 0000 | 488b 7c24 
  0x000001dba58eca68: 704c 8b4c | 2468 4c8b | 4424 6048 | 8b54 2458 

  0x000001dba58eca78: ; implicit exception: dispatches to 0x000001dba58eccd6
  0x000001dba58eca78: 418b 710c 

  0x000001dba58eca7c: ; implicit exception: dispatches to 0x000001dba58eccdb
  0x000001dba58eca7c: 483b 0748 

  0x000001dba58eca80: ;   {metadata(method data for {method} {0x000001ec8d5dfd38} 'defineClass' '(Ljava/lang/String;[BLorg/eclipse/osgi/internal/loader/classpath/ClasspathEntry;)Lorg/eclipse/osgi/internal/loader/ModuleClassLoader$DefineClassResult;' in 'org/eclipse/osgi/internal/loader/ModuleClassLoader')}
  0x000001dba58eca80: 8bcf 48bb | a82d ac8d | ec01 0000 | 4883 83b8 | 0100 0001 | 488b 4f18 

  0x000001dba58eca98: ;   {metadata(method data for {method} {0x000001ec8d5dfd38} 'defineClass' '(Ljava/lang/String;[BLorg/eclipse/osgi/internal/loader/classpath/ClasspathEntry;)Lorg/eclipse/osgi/internal/loader/ModuleClassLoader$DefineClassResult;' in 'org/eclipse/osgi/internal/loader/ModuleClassLoader')}
  0x000001dba58eca98: 488b fa48 | bba8 2dac | 8dec 0100 | 0048 8383 | d801 0000 | 01bf 0000 | 0000 0f1f 

  0x000001dba58ecab4: ;   {optimized virtual_call}
  0x000001dba58ecab4: 4400 00e8 

  0x000001dba58ecab8: ; ImmutableOopMap {[120]=Oop [136]=Oop }
                      ;*invokevirtual defineClass {reexecute=0 rethrow=0 return_oop=0}
                      ; - org.eclipse.osgi.internal.loader.ModuleClassLoader::defineClass@37 (line 315)
  0x000001dba58ecab8: 8458 ecff 

  0x000001dba58ecabc: ;   {other}
  0x000001dba58ecabc: 0f1f 8400 | 2c05 0003 | 488b d841 | b801 0000 | 0048 8d84 | 2480 0000 | 0048 8b10 | 4885 d20f 
  0x000001dba58ecadc: 840f 0000 | 0048 8b70 | 08f0 480f | b116 0f85 | f001 0000 | 49ff 8f50 

  0x000001dba58ecaf4: ;   {metadata(method data for {method} {0x000001ec8d5dfd38} 'defineClass' '(Ljava/lang/String;[BLorg/eclipse/osgi/internal/loader/classpath/ClasspathEntry;)Lorg/eclipse/osgi/internal/loader/ModuleClassLoader$DefineClassResult;' in 'org/eclipse/osgi/internal/loader/ModuleClassLoader')}
  0x000001dba58ecaf4: 0500 0048 | baa8 2dac | 8dec 0100 | 00ff 8210 

  0x000001dba58ecb04: ;   {metadata('org/eclipse/osgi/internal/loader/ModuleClassLoader$DefineClassResult')}
  0x000001dba58ecb04: 0200 0048 | ba10 a211 | 4bec 0100 | 0049 8b87 | b801 0000 | 488d 7818 | 493b bfc8 | 0100 000f 
  0x000001dba58ecb24: 87cd 0100 | 0049 89bf | b801 0000 | 48c7 0001 | 0000 0048 | 8bca 49ba | 0000 004a | ec01 0000 
  0x000001dba58ecb44: 492b ca89 | 4808 4833 | c989 480c | 4833 c948 | 8948 1048 

  0x000001dba58ecb58: ;   {metadata(method data for {method} {0x000001ec8d5dfd38} 'defineClass' '(Ljava/lang/String;[BLorg/eclipse/osgi/internal/loader/classpath/ClasspathEntry;)Lorg/eclipse/osgi/internal/loader/ModuleClassLoader$DefineClassResult;' in 'org/eclipse/osgi/internal/loader/ModuleClassLoader')}
  0x000001dba58ecb58: 8bf0 48bf | a82d ac8d | ec01 0000 | 4883 8728 | 0200 0001 

  0x000001dba58ecb6c: ;   {metadata(method data for {method} {0x000001ec8d73e990} '<init>' '(Ljava/lang/Class;Z)V' in 'org/eclipse/osgi/internal/loader/ModuleClassLoader$DefineClassResult')}
  0x000001dba58ecb6c: 48be 987e | a18d ec01 | 0000 8bbe | cc00 0000 | 83c7 0289 | becc 0000 | 0081 e7fe | ff1f 0085 
  0x000001dba58ecb8c: ff0f 8470 | 0100 0048 

  0x000001dba58ecb94: ;   {metadata(method data for {method} {0x000001ec8d73e990} '<init>' '(Ljava/lang/Class;Z)V' in 'org/eclipse/osgi/internal/loader/ModuleClassLoader$DefineClassResult')}
  0x000001dba58ecb94: 8bf0 48bf | 987e a18d | ec01 0000 | 4883 8710 | 0100 0001 

  0x000001dba58ecba8: ;   {metadata(method data for {method} {0x000001ec4a4749e0} '<init>' '()V' in 'java/lang/Object')}
  0x000001dba58ecba8: 48be 9067 | 008d ec01 | 0000 8bbe | cc00 0000 | 83c7 0289 | becc 0000 | 0081 e7fe | ff1f 0085 
  0x000001dba58ecbc8: ff0f 8455 | 0100 0048 | 8958 1048 | 8d30 48c1 | ee09 48bf | 00d0 85c6 | ea01 0000 | c604 3e00 
  0x000001dba58ecbe8: 4183 e001 | 4488 400c | 4881 c4a0 | 0000 005d 

  0x000001dba58ecbf8: ;   {poll_return}
  0x000001dba58ecbf8: 493b a750 | 0400 000f | 8740 0100 | 00c3 498b | 8700 0500 | 004d 33d2 | 4d89 9700 | 0500 004d 
  0x000001dba58ecc18: 33d2 4d89 | 9708 0500 | 0048 8bf0 | 488d 8424 | 8000 0000 | 488b 3848 | 85ff 0f84 | 0f00 0000 
  0x000001dba58ecc38: 488b 5808 | f048 0fb1 | 3b0f 8514 | 0100 0049 | ff8f 5005 | 0000 488b | c6e9 3801 

  0x000001dba58ecc54: ;   {metadata({method} {0x000001ec8d5dfd38} 'defineClass' '(Ljava/lang/String;[BLorg/eclipse/osgi/internal/loader/classpath/ClasspathEntry;)Lorg/eclipse/osgi/internal/loader/ModuleClassLoader$DefineClassResult;' in 'org/eclipse/osgi/internal/loader/ModuleClassLoader')}
  0x000001dba58ecc54: 0000 49ba | 30fd 5d8d | ec01 0000 | 4c89 5424 | 0848 c704 | 24ff ffff 

  0x000001dba58ecc6c: ;   {runtime_call counter_overflow Runtime1 stub}
  0x000001dba58ecc6c: ffe8 8e90 

  0x000001dba58ecc70: ; ImmutableOopMap {rdx=Oop r8=Oop r9=Oop rdi=Oop }
                      ;*synchronization entry
                      ; - org.eclipse.osgi.internal.loader.ModuleClassLoader::defineClass@-1 (line 310)
  0x000001dba58ecc70: 1b07 e98f 

  0x000001dba58ecc74: ;   {metadata({method} {0x000001ec8d6249f0} 'getClassLoadingLock' '(Ljava/lang/String;)Ljava/lang/Object;' in 'org/eclipse/osgi/internal/loader/ModuleClassLoader')}
  0x000001dba58ecc74: fbff ff49 | bae8 4962 | 8dec 0100 | 004c 8954 | 2408 48c7 | 0424 ffff 

  0x000001dba58ecc8c: ;   {runtime_call counter_overflow Runtime1 stub}
  0x000001dba58ecc8c: ffff e86d 

  0x000001dba58ecc90: ; ImmutableOopMap {rdx=Oop r8=Oop [104]=Oop [112]=Oop }
                      ;*synchronization entry
                      ; - org.eclipse.osgi.internal.loader.ModuleClassLoader::getClassLoadingLock@-1 (line 437)
                      ; - org.eclipse.osgi.internal.loader.ModuleClassLoader::defineClass@8 (line 312)
  0x000001dba58ecc90: 901b 07e9 | 32fc ffff 

  0x000001dba58ecc98: ;   {runtime_call throw_null_pointer_exception Runtime1 stub}
  0x000001dba58ecc98: e863 3c1b 

  0x000001dba58ecc9c: ; ImmutableOopMap {rdx=Oop r8=Oop rsi=Oop [104]=Oop [112]=Oop }
                      ;*invokevirtual getLock {reexecute=0 rethrow=0 return_oop=0}
                      ; - org.eclipse.osgi.internal.loader.ModuleClassLoader::getClassLoadingLock@5 (line 437)
                      ; - org.eclipse.osgi.internal.loader.ModuleClassLoader::defineClass@8 (line 312)
                      ;   {runtime_call throw_null_pointer_exception Runtime1 stub}
  0x000001dba58ecc9c: 07e8 5e3c 

  0x000001dba58ecca0: ; ImmutableOopMap {rsi=Oop [88]=Oop [96]=Oop [104]=Oop [112]=Oop [120]=Oop }
                      ;*monitorenter {reexecute=0 rethrow=0 return_oop=0}
                      ; - org.eclipse.osgi.internal.loader.ModuleClassLoader::defineClass@14 (line 312)
  0x000001dba58ecca0: 1b07 4889 | 7424 0848 

  0x000001dba58ecca8: ;   {runtime_call monitorenter_nofpu Runtime1 stub}
  0x000001dba58ecca8: 8914 24e8 

  0x000001dba58eccac: ; ImmutableOopMap {rsi=Oop [88]=Oop [96]=Oop [104]=Oop [112]=Oop [120]=Oop [136]=Oop }
                      ;*monitorenter {reexecute=0 rethrow=0 return_oop=0}
                      ; - org.eclipse.osgi.internal.loader.ModuleClassLoader::defineClass@14 (line 312)
  0x000001dba58eccac: 506f 1b07 | e999 fcff 

  0x000001dba58eccb4: ;   {metadata({method} {0x000001ec4a434ff8} 'findLoadedClass' '(Ljava/lang/String;)Ljava/lang/Class;' in 'java/lang/ClassLoader')}
  0x000001dba58eccb4: ff49 baf0 | 4f43 4aec | 0100 004c | 8954 2408 | 48c7 0424 | ffff ffff 

  0x000001dba58ecccc: ;   {runtime_call counter_overflow Runtime1 stub}
  0x000001dba58ecccc: e82f 901b 

  0x000001dba58eccd0: ; ImmutableOopMap {[88]=Oop [96]=Oop [104]=Oop [112]=Oop [120]=Oop [136]=Oop }
                      ;*synchronization entry
                      ; - java.lang.ClassLoader::findLoadedClass@-1
                      ; - org.eclipse.osgi.internal.loader.ModuleClassLoader::defineClass@17 (line 313)
  0x000001dba58eccd0: 07e9 b6fc 

  0x000001dba58eccd4: ;   {runtime_call throw_null_pointer_exception Runtime1 stub}
  0x000001dba58eccd4: ffff e825 

  0x000001dba58eccd8: ; ImmutableOopMap {rdx=Oop r8=Oop r9=Oop rdi=Oop [120]=Oop [136]=Oop }
                      ;*arraylength {reexecute=0 rethrow=0 return_oop=0}
                      ; - org.eclipse.osgi.internal.loader.ModuleClassLoader::defineClass@32 (line 315)
                      ;   {runtime_call throw_null_pointer_exception Runtime1 stub}
  0x000001dba58eccd8: 3c1b 07e8 

  0x000001dba58eccdc: ; ImmutableOopMap {rdx=Oop r8=Oop r9=Oop rdi=Oop [120]=Oop [136]=Oop }
                      ;*invokevirtual getDomain {reexecute=0 rethrow=0 return_oop=0}
                      ; - org.eclipse.osgi.internal.loader.ModuleClassLoader::defineClass@34 (line 315)
  0x000001dba58eccdc: 203c 1b07 | 488d 8424 | 8000 0000 | 4889 0424 

  0x000001dba58eccec: ;   {runtime_call monitorexit_nofpu Runtime1 stub}
  0x000001dba58eccec: e80f 751b | 07e9 01fe | ffff 488b 

  0x000001dba58eccf8: ;   {runtime_call fast_new_instance Runtime1 stub}
  0x000001dba58eccf8: d2e8 0245 

  0x000001dba58eccfc: ; ImmutableOopMap {rbx=Oop }
                      ;*new {reexecute=0 rethrow=0 return_oop=0}
                      ; - org.eclipse.osgi.internal.loader.ModuleClassLoader::defineClass@55 (line 319)
  0x000001dba58eccfc: 1b07 e954 

  0x000001dba58ecd00: ;   {metadata({method} {0x000001ec8d73e990} '<init>' '(Ljava/lang/Class;Z)V' in 'org/eclipse/osgi/internal/loader/ModuleClassLoader$DefineClassResult')}
  0x000001dba58ecd00: feff ff49 | ba88 e973 | 8dec 0100 | 004c 8954 | 2408 48c7 | 0424 ffff 

  0x000001dba58ecd18: ;   {runtime_call counter_overflow Runtime1 stub}
  0x000001dba58ecd18: ffff e8e1 

  0x000001dba58ecd1c: ; ImmutableOopMap {rbx=Oop rax=Oop }
                      ;*synchronization entry
                      ; - org.eclipse.osgi.internal.loader.ModuleClassLoader$DefineClassResult::<init>@-1 (line 96)
                      ; - org.eclipse.osgi.internal.loader.ModuleClassLoader::defineClass@63 (line 319)
  0x000001dba58ecd1c: 8f1b 07e9 | 6ffe ffff 

  0x000001dba58ecd24: ;   {metadata({method} {0x000001ec4a4749e0} '<init>' '()V' in 'java/lang/Object')}
  0x000001dba58ecd24: 49ba d849 | 474a ec01 | 0000 4c89 | 5424 0848 | c704 24ff 

  0x000001dba58ecd38: ;   {runtime_call counter_overflow Runtime1 stub}
  0x000001dba58ecd38: ffff ffe8 

  0x000001dba58ecd3c: ; ImmutableOopMap {rbx=Oop rax=Oop }
                      ;*synchronization entry
                      ; - java.lang.Object::<init>@-1
                      ; - org.eclipse.osgi.internal.loader.ModuleClassLoader$DefineClassResult::<init>@1 (line 96)
                      ; - org.eclipse.osgi.internal.loader.ModuleClassLoader::defineClass@63 (line 319)
  0x000001dba58ecd3c: c08f 1b07 | e98a feff 

  0x000001dba58ecd44: ;   {internal_word}
  0x000001dba58ecd44: ff49 baf8 | cb8e a5db | 0100 004d | 8997 6804 

  0x000001dba58ecd54: ;   {runtime_call SafepointBlob}
  0x000001dba58ecd54: 0000 e9a5 | 7d10 0748 | 8d84 2480 | 0000 0048 

  0x000001dba58ecd64: ;   {runtime_call monitorexit_nofpu Runtime1 stub}
  0x000001dba58ecd64: 8904 24e8 | 9474 1b07 | e9dd feff | ff49 8b87 | 0005 0000 | 49c7 8700 | 0500 0000 | 0000 0049 
  0x000001dba58ecd84: c787 0805 | 0000 0000 | 0000 4881 | c4a0 0000 

  0x000001dba58ecd94: ;   {runtime_call unwind_exception Runtime1 stub}
  0x000001dba58ecd94: 005d e965 | 2c1b 07f4 | f4f4 f4f4 
[Stub Code]
  0x000001dba58ecda0: ;   {no_reloc}
  0x000001dba58ecda0: 48bb 0000 | 0000 0000 

  0x000001dba58ecda8: ;   {runtime_call nmethod}
  0x000001dba58ecda8: 0000 e9fb 

  0x000001dba58ecdac: ;   {static_stub}
  0x000001dba58ecdac: ffff ff48 | bb00 0000 | 0000 0000 

  0x000001dba58ecdb8: ;   {runtime_call nmethod}
  0x000001dba58ecdb8: 00e9 fbff 

  0x000001dba58ecdbc: ;   {static_stub}
  0x000001dba58ecdbc: ffff 48bb | 0000 0000 | 0000 0000 

  0x000001dba58ecdc8: ;   {runtime_call nmethod}
  0x000001dba58ecdc8: e9fb ffff 

  0x000001dba58ecdcc: ;   {static_stub}
  0x000001dba58ecdcc: ff48 bb00 | 0000 0000 

  0x000001dba58ecdd4: ;   {runtime_call nmethod}
  0x000001dba58ecdd4: 0000 00e9 | fbff ffff 
[Exception Handler]
  0x000001dba58ecddc: ;   {runtime_call handle_exception_from_callee Runtime1 stub}
  0x000001dba58ecddc: e81f 591b 

  0x000001dba58ecde0: ;   {external_word}
  0x000001dba58ecde0: 0748 b950 | 636c 21fd | 7f00 0048 

  0x000001dba58ecdec: ;   {runtime_call}
  0x000001dba58ecdec: 83e4 f048 | b8c0 c92e | 21fd 7f00 | 00ff d0f4 
[Deopt Handler Code]
  0x000001dba58ecdfc: ;   {section_word}
  0x000001dba58ecdfc: 49ba fccd | 8ea5 db01 | 0000 4152 

  0x000001dba58ece08: ;   {runtime_call DeoptimizationBlob}
  0x000001dba58ece08: e993 6f10 | 07f4 f4f4 
[/MachCode]


---------------  P R O C E S S  ---------------

Threads class SMR info:
_java_thread_list=0x000001ec8c889ee0, length=19, elements={
0x000001dba225f270, 0x000001ec49d1c1a0, 0x000001ec49d1d810, 0x000001ec49d1f7f0,
0x000001ec49d20510, 0x000001ec49d26c90, 0x000001ec49d28040, 0x000001ec49d2b7e0,
0x000001ec49d2c330, 0x000001ec8c6c32a0, 0x000001ec8c822df0, 0x000001ec913fa2a0,
0x000001ec9162add0, 0x000001ec91315800, 0x000001ec913c9b20, 0x000001ec917ef720,
0x000001ec8c730550, 0x000001ec91197520, 0x000001ec8c89b720
}

Java Threads: ( => current thread )
  0x000001dba225f270 JavaThread "main"                              [_thread_blocked, id=3232, stack(0x0000009a8e500000,0x0000009a8e600000) (1024K)]
  0x000001ec49d1c1a0 JavaThread "Reference Handler"          daemon [_thread_blocked, id=13440, stack(0x0000009a8e900000,0x0000009a8ea00000) (1024K)]
  0x000001ec49d1d810 JavaThread "Finalizer"                  daemon [_thread_blocked, id=5192, stack(0x0000009a8ea00000,0x0000009a8eb00000) (1024K)]
  0x000001ec49d1f7f0 JavaThread "Signal Dispatcher"          daemon [_thread_blocked, id=12340, stack(0x0000009a8eb00000,0x0000009a8ec00000) (1024K)]
  0x000001ec49d20510 JavaThread "Attach Listener"            daemon [_thread_blocked, id=1404, stack(0x0000009a8ec00000,0x0000009a8ed00000) (1024K)]
  0x000001ec49d26c90 JavaThread "Service Thread"             daemon [_thread_blocked, id=6704, stack(0x0000009a8ed00000,0x0000009a8ee00000) (1024K)]
  0x000001ec49d28040 JavaThread "Monitor Deflation Thread"   daemon [_thread_blocked, id=11688, stack(0x0000009a8ee00000,0x0000009a8ef00000) (1024K)]
  0x000001ec49d2b7e0 JavaThread "C2 CompilerThread0"         daemon [_thread_blocked, id=9984, stack(0x0000009a8ef00000,0x0000009a8f000000) (1024K)]
  0x000001ec49d2c330 JavaThread "C1 CompilerThread0"         daemon [_thread_blocked, id=8348, stack(0x0000009a8f000000,0x0000009a8f100000) (1024K)]
  0x000001ec8c6c32a0 JavaThread "Common-Cleaner"             daemon [_thread_blocked, id=4768, stack(0x0000009a8f100000,0x0000009a8f200000) (1024K)]
  0x000001ec8c822df0 JavaThread "Notification Thread"        daemon [_thread_blocked, id=14292, stack(0x0000009a8f200000,0x0000009a8f300000) (1024K)]
  0x000001ec913fa2a0 JavaThread "Active Thread: Equinox Container: b8c49d7a-65ff-44a8-8d65-f481e83d7ba3"        [_thread_blocked, id=3944, stack(0x0000009a8f900000,0x0000009a8fa00000) (1024K)]
  0x000001ec9162add0 JavaThread "Framework Event Dispatcher: Equinox Container: b8c49d7a-65ff-44a8-8d65-f481e83d7ba3" daemon [_thread_blocked, id=14092, stack(0x0000009a8fb00000,0x0000009a8fc00000) (1024K)]
=>0x000001ec91315800 JavaThread "Start Level: Equinox Container: b8c49d7a-65ff-44a8-8d65-f481e83d7ba3" daemon [_thread_in_vm, id=8368, stack(0x0000009a8fc00000,0x0000009a8fd00000) (1024K)]
  0x000001ec913c9b20 JavaThread "SCR Component Actor"        daemon [_thread_blocked, id=5168, stack(0x0000009a8fd00000,0x0000009a8fe00000) (1024K)]
  0x000001ec917ef720 JavaThread "Worker-JM"                         [_thread_blocked, id=13716, stack(0x0000009a8fe00000,0x0000009a8ff00000) (1024K)]
  0x000001ec8c730550 JavaThread "JNA Cleaner"                daemon [_thread_blocked, id=13712, stack(0x0000009a8ff00000,0x0000009a90000000) (1024K)]
  0x000001ec91197520 JavaThread "Worker-0"                          [_thread_blocked, id=6800, stack(0x0000009a90000000,0x0000009a90100000) (1024K)]
  0x000001ec8c89b720 JavaThread "Worker-1"                          [_thread_blocked, id=13400, stack(0x0000009a90100000,0x0000009a90200000) (1024K)]
Total: 19

Other Threads:
  0x000001ec49d11770 VMThread "VM Thread"                           [id=12688, stack(0x0000009a8e800000,0x0000009a8e900000) (1024K)]
  0x000001dba22cde00 WatcherThread "VM Periodic Task Thread"        [id=8788, stack(0x0000009a8e700000,0x0000009a8e800000) (1024K)]
  0x000001dba227ccf0 WorkerThread "GC Thread#0"                     [id=13596, stack(0x0000009a8e600000,0x0000009a8e700000) (1024K)]
  0x000001ec911c8ac0 WorkerThread "GC Thread#1"                     [id=2128, stack(0x0000009a8f300000,0x0000009a8f400000) (1024K)]
  0x000001ec91218e90 WorkerThread "GC Thread#2"                     [id=12860, stack(0x0000009a8f400000,0x0000009a8f500000) (1024K)]
  0x000001ec91255340 WorkerThread "GC Thread#3"                     [id=14312, stack(0x0000009a8f500000,0x0000009a8f600000) (1024K)]
  0x000001ec912556f0 WorkerThread "GC Thread#4"                     [id=4524, stack(0x0000009a8f600000,0x0000009a8f700000) (1024K)]
  0x000001ec91256240 WorkerThread "GC Thread#5"                     [id=12636, stack(0x0000009a8f700000,0x0000009a8f800000) (1024K)]
  0x000001ec912565f0 WorkerThread "GC Thread#6"                     [id=10784, stack(0x0000009a8f800000,0x0000009a8f900000) (1024K)]
  0x000001ec913f8df0 WorkerThread "GC Thread#7"                     [id=3472, stack(0x0000009a8fa00000,0x0000009a8fb00000) (1024K)]
Total: 10

Threads with active compile tasks:
Total: 0

VM state: not at safepoint (normal execution)

VM Mutex/Monitor currently owned by a thread:  ([mutex/lock_event])
[0x00007ffd2197d530] Metaspace_lock - owner thread: 0x000001ec91315800

CDS archive(s) mapped at: [0x000001ec4a000000-0x000001ec4aba0000-0x000001ec4aba0000), size 12189696, SharedBaseAddress: 0x000001ec4a000000, ArchiveRelocationMode: 1.
Compressed class space mapped at: 0x000001ec4b000000-0x000001ec8b000000, reserved size: 1073741824
Narrow klass base: 0x000001ec4a000000, Narrow klass shift: 0, Narrow klass range: 0x100000000

GC Precious Log:
 CardTable entry size: 512
 CPUs: 8 total, 8 available
 Memory: 6086M
 Large Page Support: Disabled
 NUMA Support: Disabled
 Compressed Oops: Disabled
 Alignments: Space 512K, Generation 512K, Heap 2M
 Heap Min Capacity: 100M
 Heap Initial Capacity: 100M
 Heap Max Capacity: 64G
 Pre-touch: Disabled
 Parallel Workers: 8

Heap:
 PSYoungGen      total 29696K, used 11981K [0x000001e65f100000, 0x000001e661200000, 0x000001ebb4600000)
  eden space 25600K, 30% used [0x000001e65f100000,0x000001e65f8b6228,0x000001e660a00000)
  from space 4096K, 99% used [0x000001e660a00000,0x000001e660dfd400,0x000001e660e00000)
  to   space 4096K, 0% used [0x000001e660e00000,0x000001e660e00000,0x000001e661200000)
 ParOldGen       total 68608K, used 8353K [0x000001dbb4600000, 0x000001dbb8900000, 0x000001e65f100000)
  object space 68608K, 12% used [0x000001dbb4600000,0x000001dbb4e28428,0x000001dbb8900000)
 Metaspace       used 19296K, committed 19840K, reserved 1114112K
  class space    used 1917K, committed 2176K, reserved 1048576K

Card table byte_map: [0x000001ebb4600000,0x000001ebbc610000] _byte_map_base: 0x000001eac685d000

Marking Bits: (ParMarkBitMap*) 0x00007ffd219844a0
 Begin Bits: [0x000001ebc1b70000, 0x000001ec01b70000)
 End Bits:   [0x000001ec01b70000, 0x000001ec41b70000)

Polling page: 0x000001dba00b0000

Metaspace:

Usage:
  Non-class:     16.97 MB used.
      Class:      1.87 MB used.
       Both:     18.84 MB used.

Virtual space:
  Non-class space:       64.00 MB reserved,      17.25 MB ( 27%) committed,  1 nodes.
      Class space:        1.00 GB reserved,       2.12 MB ( <1%) committed,  1 nodes.
             Both:        1.06 GB reserved,      19.38 MB (  2%) committed. 

Chunk freelists:
   Non-Class:  14.36 MB
       Class:  13.69 MB
        Both:  28.05 MB

MaxMetaspaceSize: unlimited
CompressedClassSpaceSize: 1.00 GB
Initial GC threshold: 21.00 MB
Current GC threshold: 21.00 MB
CDS: on
 - commit_granule_bytes: 65536.
 - commit_granule_words: 8192.
 - virtual_space_node_default_size: 8388608.
 - enlarge_chunks_in_place: 1.
 - use_allocation_guard: 0.


Internal statistics:

num_allocs_failed_limit: 0.
num_arena_births: 510.
num_arena_deaths: 0.
num_vsnodes_births: 2.
num_vsnodes_deaths: 0.
num_space_committed: 310.
num_space_uncommitted: 0.
num_chunks_returned_to_freelist: 0.
num_chunks_taken_from_freelist: 1244.
num_chunk_merges: 0.
num_chunk_splits: 795.
num_chunks_enlarged: 497.
num_inconsistent_stats: 0.

CodeHeap 'non-profiled nmethods': size=120000Kb used=1143Kb max_used=1143Kb free=118856Kb
 bounds [0x000001dbacf40000, 0x000001dbad1b0000, 0x000001dbb4470000]
CodeHeap 'profiled nmethods': size=120000Kb used=5237Kb max_used=5237Kb free=114762Kb
 bounds [0x000001dba5470000, 0x000001dba5990000, 0x000001dbac9a0000]
CodeHeap 'non-nmethods': size=5760Kb used=1273Kb max_used=1317Kb free=4486Kb
 bounds [0x000001dbac9a0000, 0x000001dbacc10000, 0x000001dbacf40000]
CodeCache: size=245760Kb, used=7653Kb, max_used=7697Kb, free=238104Kb
 total_blobs=3238, nmethods=2688, adapters=456, full_count=0
Compilation: enabled, stopped_count=0, restarted_count=0

Compilation events (20 events):
Event: 14.803 Thread 0x000001ec49d2b7e0 2681       4       org.lombokweb.asm.SymbolTable::addConstantNameAndType (28 bytes)
Event: 14.809 Thread 0x000001ec49d2b7e0 nmethod 2681 0x000001dbad05ab10 code [0x000001dbad05ace0, 0x000001dbad05b0d8]
Event: 14.809 Thread 0x000001ec49d2b7e0 2582       4       java.util.zip.ZipFile$Source::isMetaName (141 bytes)
Event: 14.812 Thread 0x000001ec49d2b7e0 nmethod 2582 0x000001dbad05b410 code [0x000001dbad05b5c0, 0x000001dbad05b808]
Event: 14.812 Thread 0x000001ec49d2b7e0 2583       4       java.util.zip.ZipFile$Source::nextEntryPos (22 bytes)
Event: 14.814 Thread 0x000001ec49d2b7e0 nmethod 2583 0x000001dbad05ba10 code [0x000001dbad05bba0, 0x000001dbad05bd08]
Event: 14.814 Thread 0x000001ec49d2b7e0 2580       4       java.util.ArrayList$SubList$1::hasNext (20 bytes)
Event: 14.816 Thread 0x000001ec49d2b7e0 nmethod 2580 0x000001dbad05be90 code [0x000001dbad05c020, 0x000001dbad05c0d0]
Event: 14.816 Thread 0x000001ec49d2b7e0 2665       4       org.lombokweb.asm.ClassReader::readBytecodeInstructionOffset (1 bytes)
Event: 14.816 Thread 0x000001ec49d2b7e0 nmethod 2665 0x000001dbad05c190 code [0x000001dbad05c320, 0x000001dbad05c3a8]
Event: 15.096 Thread 0x000001ec49d2b7e0 2684       4       org.lombokweb.asm.SymbolTable::addConstantMemberReference (29 bytes)
Event: 15.099 Thread 0x000001ec49d2c330 2685       3       org.lombokweb.asm.ByteVector::putUTF8 (144 bytes)
Event: 15.101 Thread 0x000001ec49d2c330 nmethod 2685 0x000001dba598b810 code [0x000001dba598ba80, 0x000001dba598c500]
Event: 15.101 Thread 0x000001ec49d2c330 2686       3       org.lombokweb.asm.ClassReader::readShort (27 bytes)
Event: 15.101 Thread 0x000001ec49d2c330 nmethod 2686 0x000001dba598ca10 code [0x000001dba598cbc0, 0x000001dba598cd38]
Event: 15.101 Thread 0x000001ec49d2c330 2687       3       org.lombokweb.asm.MethodVisitor::visitInsn (16 bytes)
Event: 15.101 Thread 0x000001ec49d2c330 nmethod 2687 0x000001dba598ce10 code [0x000001dba598cfc0, 0x000001dba598d1c8]
Event: 15.109 Thread 0x000001ec49d2b7e0 nmethod 2684 0x000001dbad05c490 code [0x000001dbad05c660, 0x000001dbad05cb60]
Event: 15.109 Thread 0x000001ec49d2b7e0 2688   !   4       org.eclipse.osgi.internal.loader.BundleLoader::getModuleClassLoader (203 bytes)
Event: 15.120 Thread 0x000001ec49d2b7e0 nmethod 2688 0x000001dbad05cf90 code [0x000001dbad05d1a0, 0x000001dbad05d7b8]

GC Heap History (10 events):
Event: 3.460 GC heap before
{Heap before GC invocations=1 (full 0):
 PSYoungGen      total 29696K, used 25600K [0x000001e65f100000, 0x000001e661200000, 0x000001ebb4600000)
  eden space 25600K, 100% used [0x000001e65f100000,0x000001e660a00000,0x000001e660a00000)
  from space 4096K, 0% used [0x000001e660e00000,0x000001e660e00000,0x000001e661200000)
  to   space 4096K, 0% used [0x000001e660a00000,0x000001e660a00000,0x000001e660e00000)
 ParOldGen       total 68608K, used 0K [0x000001dbb4600000, 0x000001dbb8900000, 0x000001e65f100000)
  object space 68608K, 0% used [0x000001dbb4600000,0x000001dbb4600000,0x000001dbb8900000)
 Metaspace       used 4164K, committed 4416K, reserved 1114112K
  class space    used 458K, committed 576K, reserved 1048576K
}
Event: 3.573 GC heap after
{Heap after GC invocations=1 (full 0):
 PSYoungGen      total 29696K, used 3938K [0x000001e65f100000, 0x000001e661200000, 0x000001ebb4600000)
  eden space 25600K, 0% used [0x000001e65f100000,0x000001e65f100000,0x000001e660a00000)
  from space 4096K, 96% used [0x000001e660a00000,0x000001e660dd8990,0x000001e660e00000)
  to   space 4096K, 0% used [0x000001e660e00000,0x000001e660e00000,0x000001e661200000)
 ParOldGen       total 68608K, used 24K [0x000001dbb4600000, 0x000001dbb8900000, 0x000001e65f100000)
  object space 68608K, 0% used [0x000001dbb4600000,0x000001dbb4606000,0x000001dbb8900000)
 Metaspace       used 4164K, committed 4416K, reserved 1114112K
  class space    used 458K, committed 576K, reserved 1048576K
}
Event: 5.724 GC heap before
{Heap before GC invocations=2 (full 0):
 PSYoungGen      total 29696K, used 29538K [0x000001e65f100000, 0x000001e661200000, 0x000001ebb4600000)
  eden space 25600K, 100% used [0x000001e65f100000,0x000001e660a00000,0x000001e660a00000)
  from space 4096K, 96% used [0x000001e660a00000,0x000001e660dd8990,0x000001e660e00000)
  to   space 4096K, 0% used [0x000001e660e00000,0x000001e660e00000,0x000001e661200000)
 ParOldGen       total 68608K, used 24K [0x000001dbb4600000, 0x000001dbb8900000, 0x000001e65f100000)
  object space 68608K, 0% used [0x000001dbb4600000,0x000001dbb4606000,0x000001dbb8900000)
 Metaspace       used 7581K, committed 7872K, reserved 1114112K
  class space    used 787K, committed 896K, reserved 1048576K
}
Event: 5.732 GC heap after
{Heap after GC invocations=2 (full 0):
 PSYoungGen      total 29696K, used 4070K [0x000001e65f100000, 0x000001e661200000, 0x000001ebb4600000)
  eden space 25600K, 0% used [0x000001e65f100000,0x000001e65f100000,0x000001e660a00000)
  from space 4096K, 99% used [0x000001e660e00000,0x000001e6611f9820,0x000001e661200000)
  to   space 4096K, 0% used [0x000001e660a00000,0x000001e660a00000,0x000001e660e00000)
 ParOldGen       total 68608K, used 2355K [0x000001dbb4600000, 0x000001dbb8900000, 0x000001e65f100000)
  object space 68608K, 3% used [0x000001dbb4600000,0x000001dbb484cef8,0x000001dbb8900000)
 Metaspace       used 7581K, committed 7872K, reserved 1114112K
  class space    used 787K, committed 896K, reserved 1048576K
}
Event: 8.158 GC heap before
{Heap before GC invocations=3 (full 0):
 PSYoungGen      total 29696K, used 29670K [0x000001e65f100000, 0x000001e661200000, 0x000001ebb4600000)
  eden space 25600K, 100% used [0x000001e65f100000,0x000001e660a00000,0x000001e660a00000)
  from space 4096K, 99% used [0x000001e660e00000,0x000001e6611f9820,0x000001e661200000)
  to   space 4096K, 0% used [0x000001e660a00000,0x000001e660a00000,0x000001e660e00000)
 ParOldGen       total 68608K, used 2355K [0x000001dbb4600000, 0x000001dbb8900000, 0x000001e65f100000)
  object space 68608K, 3% used [0x000001dbb4600000,0x000001dbb484cef8,0x000001dbb8900000)
 Metaspace       used 11669K, committed 12096K, reserved 1114112K
  class space    used 1252K, committed 1408K, reserved 1048576K
}
Event: 8.163 GC heap after
{Heap after GC invocations=3 (full 0):
 PSYoungGen      total 29696K, used 4083K [0x000001e65f100000, 0x000001e661200000, 0x000001ebb4600000)
  eden space 25600K, 0% used [0x000001e65f100000,0x000001e65f100000,0x000001e660a00000)
  from space 4096K, 99% used [0x000001e660a00000,0x000001e660dfcce0,0x000001e660e00000)
  to   space 4096K, 0% used [0x000001e660e00000,0x000001e660e00000,0x000001e661200000)
 ParOldGen       total 68608K, used 3757K [0x000001dbb4600000, 0x000001dbb8900000, 0x000001e65f100000)
  object space 68608K, 5% used [0x000001dbb4600000,0x000001dbb49ab740,0x000001dbb8900000)
 Metaspace       used 11669K, committed 12096K, reserved 1114112K
  class space    used 1252K, committed 1408K, reserved 1048576K
}
Event: 13.707 GC heap before
{Heap before GC invocations=4 (full 0):
 PSYoungGen      total 29696K, used 29683K [0x000001e65f100000, 0x000001e661200000, 0x000001ebb4600000)
  eden space 25600K, 100% used [0x000001e65f100000,0x000001e660a00000,0x000001e660a00000)
  from space 4096K, 99% used [0x000001e660a00000,0x000001e660dfcce0,0x000001e660e00000)
  to   space 4096K, 0% used [0x000001e660e00000,0x000001e660e00000,0x000001e661200000)
 ParOldGen       total 68608K, used 3757K [0x000001dbb4600000, 0x000001dbb8900000, 0x000001e65f100000)
  object space 68608K, 5% used [0x000001dbb4600000,0x000001dbb49ab740,0x000001dbb8900000)
 Metaspace       used 15360K, committed 16000K, reserved 1114112K
  class space    used 1625K, committed 1920K, reserved 1048576K
}
Event: 13.714 GC heap after
{Heap after GC invocations=4 (full 0):
 PSYoungGen      total 29696K, used 4091K [0x000001e65f100000, 0x000001e661200000, 0x000001ebb4600000)
  eden space 25600K, 0% used [0x000001e65f100000,0x000001e65f100000,0x000001e660a00000)
  from space 4096K, 99% used [0x000001e660e00000,0x000001e6611fefd0,0x000001e661200000)
  to   space 4096K, 0% used [0x000001e660a00000,0x000001e660a00000,0x000001e660e00000)
 ParOldGen       total 68608K, used 6266K [0x000001dbb4600000, 0x000001dbb8900000, 0x000001e65f100000)
  object space 68608K, 9% used [0x000001dbb4600000,0x000001dbb4c1eaf0,0x000001dbb8900000)
 Metaspace       used 15360K, committed 16000K, reserved 1114112K
  class space    used 1625K, committed 1920K, reserved 1048576K
}
Event: 14.613 GC heap before
{Heap before GC invocations=5 (full 0):
 PSYoungGen      total 29696K, used 29691K [0x000001e65f100000, 0x000001e661200000, 0x000001ebb4600000)
  eden space 25600K, 100% used [0x000001e65f100000,0x000001e660a00000,0x000001e660a00000)
  from space 4096K, 99% used [0x000001e660e00000,0x000001e6611fefd0,0x000001e661200000)
  to   space 4096K, 0% used [0x000001e660a00000,0x000001e660a00000,0x000001e660e00000)
 ParOldGen       total 68608K, used 6266K [0x000001dbb4600000, 0x000001dbb8900000, 0x000001e65f100000)
  object space 68608K, 9% used [0x000001dbb4600000,0x000001dbb4c1eaf0,0x000001dbb8900000)
 Metaspace       used 17584K, committed 18176K, reserved 1114112K
  class space    used 1834K, committed 2112K, reserved 1048576K
}
Event: 14.624 GC heap after
{Heap after GC invocations=5 (full 0):
 PSYoungGen      total 29696K, used 4085K [0x000001e65f100000, 0x000001e661200000, 0x000001ebb4600000)
  eden space 25600K, 0% used [0x000001e65f100000,0x000001e65f100000,0x000001e660a00000)
  from space 4096K, 99% used [0x000001e660a00000,0x000001e660dfd400,0x000001e660e00000)
  to   space 4096K, 0% used [0x000001e660e00000,0x000001e660e00000,0x000001e661200000)
 ParOldGen       total 68608K, used 8353K [0x000001dbb4600000, 0x000001dbb8900000, 0x000001e65f100000)
  object space 68608K, 12% used [0x000001dbb4600000,0x000001dbb4e28428,0x000001dbb8900000)
 Metaspace       used 17584K, committed 18176K, reserved 1114112K
  class space    used 1834K, committed 2112K, reserved 1048576K
}

Dll operation events (20 events):
Event: 0.410 Attempting to load shared library c:\Users\TanushVaish\.vscode\extensions\redhat.java-1.56.0-win32-x64\jre\21.0.12.1-win32-x86_64\bin\java.dll
Event: 0.410 Loaded shared library c:\Users\TanushVaish\.vscode\extensions\redhat.java-1.56.0-win32-x64\jre\21.0.12.1-win32-x86_64\bin\java.dll
Event: 1.350 Attempting to load shared library c:\Users\TanushVaish\.vscode\extensions\redhat.java-1.56.0-win32-x64\jre\21.0.12.1-win32-x86_64\bin\zip.dll
Event: 1.359 Loaded shared library c:\Users\TanushVaish\.vscode\extensions\redhat.java-1.56.0-win32-x64\jre\21.0.12.1-win32-x86_64\bin\zip.dll
Event: 1.465 Attempting to load shared library C:\Users\TanushVaish\.vscode\extensions\redhat.java-1.56.0-win32-x64\jre\21.0.12.1-win32-x86_64\bin\instrument.dll
Event: 1.465 Loaded shared library C:\Users\TanushVaish\.vscode\extensions\redhat.java-1.56.0-win32-x64\jre\21.0.12.1-win32-x86_64\bin\instrument.dll
Event: 1.486 Attempting to load shared library C:\Users\TanushVaish\.vscode\extensions\redhat.java-1.56.0-win32-x64\jre\21.0.12.1-win32-x86_64\bin\net.dll
Event: 1.495 Loaded shared library C:\Users\TanushVaish\.vscode\extensions\redhat.java-1.56.0-win32-x64\jre\21.0.12.1-win32-x86_64\bin\net.dll
Event: 1.505 Attempting to load shared library C:\Users\TanushVaish\.vscode\extensions\redhat.java-1.56.0-win32-x64\jre\21.0.12.1-win32-x86_64\bin\nio.dll
Event: 1.512 Loaded shared library C:\Users\TanushVaish\.vscode\extensions\redhat.java-1.56.0-win32-x64\jre\21.0.12.1-win32-x86_64\bin\nio.dll
Event: 1.523 Attempting to load shared library C:\Users\TanushVaish\.vscode\extensions\redhat.java-1.56.0-win32-x64\jre\21.0.12.1-win32-x86_64\bin\zip.dll
Event: 1.523 Loaded shared library C:\Users\TanushVaish\.vscode\extensions\redhat.java-1.56.0-win32-x64\jre\21.0.12.1-win32-x86_64\bin\zip.dll
Event: 1.630 Attempting to load shared library C:\Users\TanushVaish\.vscode\extensions\redhat.java-1.56.0-win32-x64\jre\21.0.12.1-win32-x86_64\bin\jimage.dll
Event: 1.630 Loaded shared library C:\Users\TanushVaish\.vscode\extensions\redhat.java-1.56.0-win32-x64\jre\21.0.12.1-win32-x86_64\bin\jimage.dll
Event: 1.987 Attempting to load shared library c:\Users\TanushVaish\.vscode\extensions\redhat.java-1.56.0-win32-x64\jre\21.0.12.1-win32-x86_64\bin\verify.dll
Event: 2.012 Loaded shared library c:\Users\TanushVaish\.vscode\extensions\redhat.java-1.56.0-win32-x64\jre\21.0.12.1-win32-x86_64\bin\verify.dll
Event: 6.279 Attempting to load shared library C:\Users\TanushVaish\AppData\Roaming\Code\User\globalStorage\redhat.java\1.56.0\config_ss_win\org.eclipse.equinox.launcher\org.eclipse.equinox.launcher.win32.win32.x86_64_1.3.100.v20260804-1928\eclipse_11924.dll
Event: 6.346 Loaded shared library C:\Users\TanushVaish\AppData\Roaming\Code\User\globalStorage\redhat.java\1.56.0\config_ss_win\org.eclipse.equinox.launcher\org.eclipse.equinox.launcher.win32.win32.x86_64_1.3.100.v20260804-1928\eclipse_11924.dll
Event: 10.917 Attempting to load shared library C:\Users\TanushVaish\AppData\Local\Temp\jna-335408394\jna8652593040270051293.dll
Event: 13.606 Loaded shared library C:\Users\TanushVaish\AppData\Local\Temp\jna-335408394\jna8652593040270051293.dll

Deoptimization events (20 events):
Event: 14.257 Thread 0x000001ec91315800 Uncommon trap: trap_request=0xffffff45 fr.pc=0x000001dbad03abdc relative=0x0000000000000b1c
Event: 14.257 Thread 0x000001ec91315800 Uncommon trap: reason=unstable_if action=reinterpret pc=0x000001dbad03abdc method=jdk.internal.org.objectweb.asm.Frame.execute(IILjdk/internal/org/objectweb/asm/Symbol;Ljdk/internal/org/objectweb/asm/SymbolTable;)V @ 1 c2
Event: 14.257 Thread 0x000001ec91315800 DEOPT PACKING pc=0x000001dbad03abdc sp=0x0000009a8fcf8360
Event: 14.257 Thread 0x000001ec91315800 DEOPT UNPACKING pc=0x000001dbac9f3aa2 sp=0x0000009a8fcf82e8 mode 2
Event: 14.320 Thread 0x000001ec91315800 Uncommon trap: trap_request=0xffffffde fr.pc=0x000001dbad02db60 relative=0x0000000000000380
Event: 14.320 Thread 0x000001ec91315800 Uncommon trap: reason=class_check action=maybe_recompile pc=0x000001dbad02db60 method=java.util.regex.Pattern$BmpCharPropertyGreedy.match(Ljava/util/regex/Matcher;ILjava/lang/CharSequence;)Z @ 70 c2
Event: 14.320 Thread 0x000001ec91315800 DEOPT PACKING pc=0x000001dbad02db60 sp=0x0000009a8fcf3740
Event: 14.320 Thread 0x000001ec91315800 DEOPT UNPACKING pc=0x000001dbac9f3aa2 sp=0x0000009a8fcf36e8 mode 2
Event: 14.320 Thread 0x000001ec91315800 Uncommon trap: trap_request=0xffffffde fr.pc=0x000001dbad02db60 relative=0x0000000000000380
Event: 14.320 Thread 0x000001ec91315800 Uncommon trap: reason=class_check action=maybe_recompile pc=0x000001dbad02db60 method=java.util.regex.Pattern$BmpCharPropertyGreedy.match(Ljava/util/regex/Matcher;ILjava/lang/CharSequence;)Z @ 70 c2
Event: 14.320 Thread 0x000001ec91315800 DEOPT PACKING pc=0x000001dbad02db60 sp=0x0000009a8fcf3590
Event: 14.320 Thread 0x000001ec91315800 DEOPT UNPACKING pc=0x000001dbac9f3aa2 sp=0x0000009a8fcf3538 mode 2
Event: 14.320 Thread 0x000001ec91315800 Uncommon trap: trap_request=0xffffffde fr.pc=0x000001dbad02db60 relative=0x0000000000000380
Event: 14.320 Thread 0x000001ec91315800 Uncommon trap: reason=class_check action=maybe_recompile pc=0x000001dbad02db60 method=java.util.regex.Pattern$BmpCharPropertyGreedy.match(Ljava/util/regex/Matcher;ILjava/lang/CharSequence;)Z @ 70 c2
Event: 14.320 Thread 0x000001ec91315800 DEOPT PACKING pc=0x000001dbad02db60 sp=0x0000009a8fcf3750
Event: 14.320 Thread 0x000001ec91315800 DEOPT UNPACKING pc=0x000001dbac9f3aa2 sp=0x0000009a8fcf36f8 mode 2
Event: 14.320 Thread 0x000001ec91315800 Uncommon trap: trap_request=0xffffffde fr.pc=0x000001dbad02db60 relative=0x0000000000000380
Event: 14.320 Thread 0x000001ec91315800 Uncommon trap: reason=class_check action=maybe_recompile pc=0x000001dbad02db60 method=java.util.regex.Pattern$BmpCharPropertyGreedy.match(Ljava/util/regex/Matcher;ILjava/lang/CharSequence;)Z @ 70 c2
Event: 14.320 Thread 0x000001ec91315800 DEOPT PACKING pc=0x000001dbad02db60 sp=0x0000009a8fcf35a0
Event: 14.320 Thread 0x000001ec91315800 DEOPT UNPACKING pc=0x000001dbac9f3aa2 sp=0x0000009a8fcf3548 mode 2

Classes loaded (20 events):
Event: 14.370 Loading class java/util/zip/GZIPOutputStream
Event: 14.371 Loading class java/util/zip/GZIPOutputStream done
Event: 14.374 Loading class java/util/zip/GZIPInputStream
Event: 14.375 Loading class java/util/zip/GZIPInputStream done
Event: 14.385 Loading class java/net/SocketTimeoutException
Event: 14.385 Loading class java/io/InterruptedIOException
Event: 14.386 Loading class java/io/InterruptedIOException done
Event: 14.386 Loading class java/net/SocketTimeoutException done
Event: 14.386 Loading class java/net/SocketException
Event: 14.386 Loading class java/net/SocketException done
Event: 14.386 Loading class java/net/UnknownHostException
Event: 14.387 Loading class java/net/UnknownHostException done
Event: 14.387 Loading class java/net/ProtocolException
Event: 14.387 Loading class java/net/ProtocolException done
Event: 14.465 Loading class java/lang/ThreadLocal$SuppliedThreadLocal
Event: 14.474 Loading class java/lang/ThreadLocal$SuppliedThreadLocal done
Event: 14.507 Loading class java/io/FileWriter
Event: 14.507 Loading class java/io/FileWriter done
Event: 14.660 Loading class java/lang/NegativeArraySizeException
Event: 14.660 Loading class java/lang/NegativeArraySizeException done

Classes unloaded (0 events):
No events

Classes redefined (0 events):
No events

Internal exceptions (20 events):
Event: 13.692 Thread 0x000001ec91315800 Exception <a 'java/lang/NoSuchMethodError'{0x000001e6609a5e10}: 'void java.lang.invoke.DelegatingMethodHandle$Holder.reinvoke_L(java.lang.Object, java.lang.Object, int)'> (0x000001e6609a5e10) 
thrown [s\src\hotspot\share\interpreter\linkResolver.cpp, line 773]
Event: 13.694 Thread 0x000001ec91315800 Exception <a 'java/lang/NoSuchMethodError'{0x000001e6609ae948}: 'int java.lang.invoke.Invokers$Holder.invokeExact_MT(java.lang.Object, java.lang.Object, java.lang.Object)'> (0x000001e6609ae948) 
thrown [s\src\hotspot\share\interpreter\linkResolver.cpp, line 773]
Event: 13.736 Thread 0x000001ec91315800 Exception <a 'java/lang/NoSuchMethodError'{0x000001e65f191590}: method resolution failed> (0x000001e65f191590) 
thrown [s\src\hotspot\share\prims\methodHandles.cpp, line 1136]
Event: 13.765 Thread 0x000001ec91315800 Exception <a 'java/lang/NoSuchMethodError'{0x000001e65f2110b8}: 'void java.lang.invoke.Invokers$Holder.invokeExact_MT(java.lang.Object, java.lang.Object, int, java.lang.Object)'> (0x000001e65f2110b8) 
thrown [s\src\hotspot\share\interpreter\linkResolver.cpp, line 773]
Event: 13.814 Thread 0x000001ec91315800 Exception <a 'java/lang/NoSuchMethodError'{0x000001e65f364a78}: 'java.lang.Object java.lang.invoke.DirectMethodHandle$Holder.invokeSpecial(java.lang.Object, java.lang.Object, java.lang.Object, long, java.lang.Object)'> (0x000001e65f364a78) 
thrown [s\src\hotspot\share\interpreter\linkResolver.cpp, line 773]
Event: 13.815 Thread 0x000001ec91315800 Exception <a 'java/lang/NoSuchMethodError'{0x000001e65f36e0b0}: 'java.lang.Object java.lang.invoke.DirectMethodHandle$Holder.newInvokeSpecial(java.lang.Object, java.lang.Object, java.lang.Object, long)'> (0x000001e65f36e0b0) 
thrown [s\src\hotspot\share\interpreter\linkResolver.cpp, line 773]
Event: 13.816 Thread 0x000001ec91315800 Exception <a 'java/lang/NoSuchMethodError'{0x000001e65f3736b8}: 'java.lang.Object java.lang.invoke.DirectMethodHandle$Holder.invokeSpecial(java.lang.Object, java.lang.Object, java.lang.Object, java.lang.Object, long)'> (0x000001e65f3736b8) 
thrown [s\src\hotspot\share\interpreter\linkResolver.cpp, line 773]
Event: 13.816 Thread 0x000001ec91315800 Exception <a 'java/lang/NoSuchMethodError'{0x000001e65f378158}: 'java.lang.Object java.lang.invoke.Invokers$Holder.linkToTargetMethod(java.lang.Object, java.lang.Object, long, java.lang.Object)'> (0x000001e65f378158) 
thrown [s\src\hotspot\share\interpreter\linkResolver.cpp, line 773]
Event: 13.843 Thread 0x000001ec91315800 Exception <a 'java/lang/NoSuchMethodError'{0x000001e65f3f7750}: 'int java.lang.invoke.DirectMethodHandle$Holder.invokeStaticInit(java.lang.Object, java.lang.Object, java.lang.Object)'> (0x000001e65f3f7750) 
thrown [s\src\hotspot\share\interpreter\linkResolver.cpp, line 773]
Event: 13.903 Thread 0x000001ec91315800 Exception <a 'java/lang/IncompatibleClassChangeError'{0x000001e65f4952e8}: Found class java.lang.Object, but interface was expected> (0x000001e65f4952e8) 
thrown [s\src\hotspot\share\interpreter\linkResolver.cpp, line 840]
Event: 13.942 Thread 0x000001ec91315800 Exception <a 'java/lang/NoSuchMethodError'{0x000001e65f4afe08}: 'java.lang.Object java.lang.invoke.DirectMethodHandle$Holder.invokeSpecial(java.lang.Object, java.lang.Object, java.lang.Object, int, java.lang.Object, java.lang.Object)'> (0x000001e65f4afe08) 
thrown [s\src\hotspot\share\interpreter\linkResolver.cpp, line 773]
Event: 13.943 Thread 0x000001ec91315800 Exception <a 'java/lang/NoSuchMethodError'{0x000001e65f4b96c0}: 'java.lang.Object java.lang.invoke.DirectMethodHandle$Holder.newInvokeSpecial(java.lang.Object, java.lang.Object, java.lang.Object, int, java.lang.Object)'> (0x000001e65f4b96c0) 
thrown [s\src\hotspot\share\interpreter\linkResolver.cpp, line 773]
Event: 13.943 Thread 0x000001ec91315800 Exception <a 'java/lang/NoSuchMethodError'{0x000001e65f4be868}: 'java.lang.Object java.lang.invoke.DirectMethodHandle$Holder.invokeSpecial(java.lang.Object, java.lang.Object, java.lang.Object, java.lang.Object, int, java.lang.Object)'> (0x000001e65f4be868) 
thrown [s\src\hotspot\share\interpreter\linkResolver.cpp, line 773]
Event: 13.943 Thread 0x000001ec91315800 Exception <a 'java/lang/NoSuchMethodError'{0x000001e65f4c3238}: 'java.lang.Object java.lang.invoke.Invokers$Holder.linkToTargetMethod(java.lang.Object, java.lang.Object, int, java.lang.Object, java.lang.Object)'> (0x000001e65f4c3238) 
thrown [s\src\hotspot\share\interpreter\linkResolver.cpp, line 773]
Event: 13.944 Thread 0x000001ec91197520 Exception <a 'java/lang/NoSuchMethodError'{0x000001e65f3da378}: 'java.lang.Object java.lang.invoke.DirectMethodHandle$Holder.invokeSpecial(java.lang.Object, java.lang.Object, int, java.lang.Object, java.lang.Object)'> (0x000001e65f3da378) 
thrown [s\src\hotspot\share\interpreter\linkResolver.cpp, line 773]
Event: 13.946 Thread 0x000001ec91197520 Exception <a 'java/lang/NoSuchMethodError'{0x000001e65f3e2c10}: 'java.lang.Object java.lang.invoke.DirectMethodHandle$Holder.newInvokeSpecial(java.lang.Object, java.lang.Object, int, java.lang.Object)'> (0x000001e65f3e2c10) 
thrown [s\src\hotspot\share\interpreter\linkResolver.cpp, line 773]
Event: 13.947 Thread 0x000001ec91197520 Exception <a 'java/lang/NoSuchMethodError'{0x000001e65f3e7588}: 'java.lang.Object java.lang.invoke.DirectMethodHandle$Holder.invokeSpecial(java.lang.Object, java.lang.Object, java.lang.Object, int, java.lang.Object)'> (0x000001e65f3e7588) 
thrown [s\src\hotspot\share\interpreter\linkResolver.cpp, line 773]
Event: 14.028 Thread 0x000001ec91315800 Exception <a 'java/lang/NoSuchMethodError'{0x000001e65f606b78}: 'void java.lang.invoke.DirectMethodHandle$Holder.invokeSpecial(java.lang.Object, java.lang.Object, java.lang.Object, java.lang.Object, java.lang.Object)'> (0x000001e65f606b78) 
thrown [s\src\hotspot\share\interpreter\linkResolver.cpp, line 773]
Event: 14.256 Thread 0x000001ec91315800 Exception <a 'java/lang/NoSuchMethodError'{0x000001e65f917100}: 'double java.lang.invoke.DirectMethodHandle$Holder.invokeStatic(java.lang.Object, java.lang.Object)'> (0x000001e65f917100) 
thrown [s\src\hotspot\share\interpreter\linkResolver.cpp, line 773]
Event: 14.258 Thread 0x000001ec91315800 Exception <a 'java/lang/NoSuchMethodError'{0x000001e65f91b5e8}: 'double java.lang.invoke.DirectMethodHandle$Holder.invokeStaticInit(java.lang.Object, java.lang.Object)'> (0x000001e65f91b5e8) 
thrown [s\src\hotspot\share\interpreter\linkResolver.cpp, line 773]

ZGC Phase Switch (0 events):
No events

VM Operations (20 events):
Event: 9.253 Executing safepoint VM operation: Cleanup
Event: 9.253 Executing safepoint VM operation: Cleanup done
Event: 9.286 Executing non-safepoint VM operation: HandshakeAllThreads (Deoptimize)
Event: 9.287 Executing non-safepoint VM operation: HandshakeAllThreads (Deoptimize) done
Event: 9.355 Executing non-safepoint VM operation: HandshakeAllThreads (Deoptimize)
Event: 9.355 Executing non-safepoint VM operation: HandshakeAllThreads (Deoptimize) done
Event: 10.356 Executing safepoint VM operation: Cleanup
Event: 10.356 Executing safepoint VM operation: Cleanup done
Event: 10.851 Executing non-safepoint VM operation: HandshakeAllThreads (Deoptimize)
Event: 10.851 Executing non-safepoint VM operation: HandshakeAllThreads (Deoptimize) done
Event: 11.866 Executing safepoint VM operation: Cleanup
Event: 11.866 Executing safepoint VM operation: Cleanup done
Event: 13.648 Executing non-safepoint VM operation: HandshakeAllThreads (Deoptimize)
Event: 13.648 Executing non-safepoint VM operation: HandshakeAllThreads (Deoptimize) done
Event: 13.648 Executing safepoint VM operation: Cleanup
Event: 13.648 Executing safepoint VM operation: Cleanup done
Event: 13.707 Executing safepoint VM operation: ParallelGCFailedAllocation (Allocation Failure)
Event: 13.714 Executing safepoint VM operation: ParallelGCFailedAllocation (Allocation Failure) done
Event: 14.613 Executing safepoint VM operation: ParallelGCFailedAllocation (Allocation Failure)
Event: 14.624 Executing safepoint VM operation: ParallelGCFailedAllocation (Allocation Failure) done

Memory protections (0 events):
No events

Nmethod flushes (0 events):
No events

Events (19 events):
Event: 0.659 Thread 0x000001dba225f270 Thread added: 0x000001dba225f270
Event: 1.073 Thread 0x000001dba225f270 Thread added: 0x000001ec49d1c1a0
Event: 1.074 Thread 0x000001dba225f270 Thread added: 0x000001ec49d1d810
Event: 1.083 Thread 0x000001dba225f270 Thread added: 0x000001ec49d1f7f0
Event: 1.083 Thread 0x000001dba225f270 Thread added: 0x000001ec49d20510
Event: 1.085 Thread 0x000001dba225f270 Thread added: 0x000001ec49d26c90
Event: 1.088 Thread 0x000001dba225f270 Thread added: 0x000001ec49d28040
Event: 1.093 Thread 0x000001dba225f270 Thread added: 0x000001ec49d2b7e0
Event: 1.093 Thread 0x000001dba225f270 Thread added: 0x000001ec49d2c330
Event: 1.480 Thread 0x000001dba225f270 Thread added: 0x000001ec8c6c32a0
Event: 2.292 Thread 0x000001dba225f270 Thread added: 0x000001ec8c822df0
Event: 5.488 Thread 0x000001dba225f270 Thread added: 0x000001ec913fa2a0
Event: 6.244 Thread 0x000001dba225f270 Thread added: 0x000001ec9162add0
Event: 6.264 Thread 0x000001dba225f270 Thread added: 0x000001ec91315800
Event: 6.428 Thread 0x000001ec91315800 Thread added: 0x000001ec913c9b20
Event: 8.344 Thread 0x000001ec91315800 Thread added: 0x000001ec917ef720
Event: 13.715 Thread 0x000001ec91315800 Thread added: 0x000001ec8c730550
Event: 13.827 Thread 0x000001ec91315800 Thread added: 0x000001ec91197520
Event: 13.947 Thread 0x000001ec91315800 Thread added: 0x000001ec8c89b720


Dynamic libraries:
0x00007ff71b1e0000 - 0x00007ff71b1ee000 	c:\Users\TanushVaish\.vscode\extensions\redhat.java-1.56.0-win32-x64\jre\21.0.12.1-win32-x86_64\bin\java.exe
0x00007ffdcb2b0000 - 0x00007ffdcb4a9000 	C:\Windows\SYSTEM32\ntdll.dll
0x00007ffdcaba0000 - 0x00007ffdcac62000 	C:\Windows\System32\KERNEL32.DLL
0x00007ffdc8930000 - 0x00007ffdc8c27000 	C:\Windows\System32\KERNELBASE.dll
0x00007ffdc8e30000 - 0x00007ffdc8f30000 	C:\Windows\System32\ucrtbase.dll
0x00007ffdb5380000 - 0x00007ffdb539e000 	c:\Users\TanushVaish\.vscode\extensions\redhat.java-1.56.0-win32-x64\jre\21.0.12.1-win32-x86_64\bin\VCRUNTIME140.dll
0x00007ffdc02a0000 - 0x00007ffdc02b8000 	c:\Users\TanushVaish\.vscode\extensions\redhat.java-1.56.0-win32-x64\jre\21.0.12.1-win32-x86_64\bin\jli.dll
0x00007ffdcaa00000 - 0x00007ffdcab9d000 	C:\Windows\System32\USER32.dll
0x00007ffdb34f0000 - 0x00007ffdb378b000 	C:\Windows\WinSxS\amd64_microsoft.windows.common-controls_6595b64144ccf1df_6.0.19041.7663_none_60b9ed0b71f50c93\COMCTL32.dll
0x00007ffdc9260000 - 0x00007ffdc9282000 	C:\Windows\System32\win32u.dll
0x00007ffdca0f0000 - 0x00007ffdca18e000 	C:\Windows\System32\msvcrt.dll
0x00007ffdc9610000 - 0x00007ffdc963b000 	C:\Windows\System32\GDI32.dll
0x00007ffdc9060000 - 0x00007ffdc917a000 	C:\Windows\System32\gdi32full.dll
0x00007ffdc8c30000 - 0x00007ffdc8ccd000 	C:\Windows\System32\msvcp_win.dll
0x00007ffdc9770000 - 0x00007ffdc979f000 	C:\Windows\System32\IMM32.DLL
0x00007ffdc5560000 - 0x00007ffdc556c000 	c:\Users\TanushVaish\.vscode\extensions\redhat.java-1.56.0-win32-x64\jre\21.0.12.1-win32-x86_64\bin\vcruntime140_1.dll
0x00007ffda6a80000 - 0x00007ffda6b0d000 	c:\Users\TanushVaish\.vscode\extensions\redhat.java-1.56.0-win32-x64\jre\21.0.12.1-win32-x86_64\bin\msvcp140.dll
0x00007ffd20cc0000 - 0x00007ffd21a62000 	c:\Users\TanushVaish\.vscode\extensions\redhat.java-1.56.0-win32-x64\jre\21.0.12.1-win32-x86_64\bin\server\jvm.dll
0x00007ffdcb060000 - 0x00007ffdcb112000 	C:\Windows\System32\ADVAPI32.dll
0x00007ffdcae90000 - 0x00007ffdcaf30000 	C:\Windows\System32\sechost.dll
0x00007ffdc9290000 - 0x00007ffdc93b6000 	C:\Windows\System32\RPCRT4.dll
0x00007ffdc8900000 - 0x00007ffdc8927000 	C:\Windows\System32\bcrypt.dll
0x00007ffdc9890000 - 0x00007ffdc9903000 	C:\Windows\System32\WS2_32.dll
0x00007ffdc87d0000 - 0x00007ffdc881b000 	C:\Windows\SYSTEM32\POWRPROF.dll
0x00007ffdb9130000 - 0x00007ffdb9157000 	C:\Windows\SYSTEM32\WINMM.dll
0x00007ffdc0830000 - 0x00007ffdc083a000 	C:\Windows\SYSTEM32\VERSION.dll
0x00007ffdc87a0000 - 0x00007ffdc87b2000 	C:\Windows\SYSTEM32\UMPDC.dll
0x00007ffdc6460000 - 0x00007ffdc6472000 	C:\Windows\SYSTEM32\kernel.appcore.dll
0x00007ffdc40c0000 - 0x00007ffdc40ca000 	c:\Users\TanushVaish\.vscode\extensions\redhat.java-1.56.0-win32-x64\jre\21.0.12.1-win32-x86_64\bin\jimage.dll
0x00007ffdb09c0000 - 0x00007ffdb0bcb000 	C:\Windows\SYSTEM32\DBGHELP.DLL
0x00007ffdaff90000 - 0x00007ffdaffc5000 	C:\Windows\SYSTEM32\dbgcore.DLL
0x00007ffdc9180000 - 0x00007ffdc9202000 	C:\Windows\System32\bcryptPrimitives.dll
0x00007ffdc1a10000 - 0x00007ffdc1a1f000 	c:\Users\TanushVaish\.vscode\extensions\redhat.java-1.56.0-win32-x64\jre\21.0.12.1-win32-x86_64\bin\instrument.dll
0x00007ffdb51e0000 - 0x00007ffdb5200000 	c:\Users\TanushVaish\.vscode\extensions\redhat.java-1.56.0-win32-x64\jre\21.0.12.1-win32-x86_64\bin\java.dll
0x00007ffdca270000 - 0x00007ffdca9e1000 	C:\Windows\System32\SHELL32.dll
0x00007ffdc6670000 - 0x00007ffdc6e1c000 	C:\Windows\SYSTEM32\windows.storage.dll
0x00007ffdc9d90000 - 0x00007ffdca0e4000 	C:\Windows\System32\combase.dll
0x00007ffdc8250000 - 0x00007ffdc827b000 	C:\Windows\SYSTEM32\Wldp.dll
0x00007ffdcaf30000 - 0x00007ffdcafdd000 	C:\Windows\System32\SHCORE.dll
0x00007ffdcac70000 - 0x00007ffdcaccb000 	C:\Windows\System32\shlwapi.dll
0x00007ffdc8820000 - 0x00007ffdc8845000 	C:\Windows\SYSTEM32\profapi.dll
0x00007ffda6a60000 - 0x00007ffda6a78000 	c:\Users\TanushVaish\.vscode\extensions\redhat.java-1.56.0-win32-x64\jre\21.0.12.1-win32-x86_64\bin\zip.dll
0x00007ffdc0d20000 - 0x00007ffdc0d30000 	C:\Users\TanushVaish\.vscode\extensions\redhat.java-1.56.0-win32-x64\jre\21.0.12.1-win32-x86_64\bin\net.dll
0x00007ffdc7820000 - 0x00007ffdc792d000 	C:\Windows\SYSTEM32\WINHTTP.dll
0x00007ffdc7f80000 - 0x00007ffdc7fea000 	C:\Windows\system32\mswsock.dll
0x00007ffda6970000 - 0x00007ffda6986000 	C:\Users\TanushVaish\.vscode\extensions\redhat.java-1.56.0-win32-x64\jre\21.0.12.1-win32-x86_64\bin\nio.dll
0x00007ffdc0440000 - 0x00007ffdc0450000 	c:\Users\TanushVaish\.vscode\extensions\redhat.java-1.56.0-win32-x64\jre\21.0.12.1-win32-x86_64\bin\verify.dll
0x00007ffdc0f50000 - 0x00007ffdc0f95000 	C:\Users\TanushVaish\AppData\Roaming\Code\User\globalStorage\redhat.java\1.56.0\config_ss_win\org.eclipse.equinox.launcher\org.eclipse.equinox.launcher.win32.win32.x86_64_1.3.100.v20260804-1928\eclipse_11924.dll
0x00007ffdc94e0000 - 0x00007ffdc960c000 	C:\Windows\System32\ole32.dll
0x00007ffdc81b0000 - 0x00007ffdc81c8000 	C:\Windows\SYSTEM32\CRYPTSP.dll
0x00007ffdc7790000 - 0x00007ffdc77c8000 	C:\Windows\system32\rsaenh.dll
0x00007ffdc8730000 - 0x00007ffdc875e000 	C:\Windows\SYSTEM32\USERENV.dll
0x00007ffdc81a0000 - 0x00007ffdc81ac000 	C:\Windows\SYSTEM32\CRYPTBASE.dll
0x00007ffdc7c60000 - 0x00007ffdc7c9b000 	C:\Windows\SYSTEM32\IPHLPAPI.DLL
0x00007ffdcb200000 - 0x00007ffdcb208000 	C:\Windows\System32\NSI.dll
0x00007ffdc0d40000 - 0x00007ffdc0d89000 	C:\Users\TanushVaish\AppData\Local\Temp\jna-335408394\jna8652593040270051293.dll
0x00007ffdca9f0000 - 0x00007ffdca9f8000 	C:\Windows\System32\PSAPI.DLL

JVMTI agents:
c:\Users\TanushVaish\.vscode\extensions\redhat.java-1.56.0-win32-x64\lombok\lombok-1.18.39-4050.jar path:c:\Users\TanushVaish\.vscode\extensions\redhat.java-1.56.0-win32-x64\jre\21.0.12.1-win32-x86_64\bin\instrument.dll, loaded, initialized, instrumentlib options:none

dbghelp: loaded successfully - version: 4.0.5 - missing functions: none
symbol engine: initialized successfully - sym options: 0x614 - pdb path: .;c:\Users\TanushVaish\.vscode\extensions\redhat.java-1.56.0-win32-x64\jre\21.0.12.1-win32-x86_64\bin;C:\Windows\SYSTEM32;C:\Windows\WinSxS\amd64_microsoft.windows.common-controls_6595b64144ccf1df_6.0.19041.7663_none_60b9ed0b71f50c93;c:\Users\TanushVaish\.vscode\extensions\redhat.java-1.56.0-win32-x64\jre\21.0.12.1-win32-x86_64\bin\server;C:\Users\TanushVaish\AppData\Roaming\Code\User\globalStorage\redhat.java\1.56.0\config_ss_win\org.eclipse.equinox.launcher\org.eclipse.equinox.launcher.win32.win32.x86_64_1.3.100.v20260804-1928;C:\Users\TanushVaish\AppData\Local\Temp\jna-335408394

VM Arguments:
jvm_args: --add-modules=ALL-SYSTEM --add-opens=java.base/java.util=ALL-UNNAMED --add-opens=java.base/java.lang=ALL-UNNAMED --add-opens=java.base/sun.nio.fs=ALL-UNNAMED -Declipse.application=org.eclipse.jdt.ls.core.id1 -Dosgi.bundles.defaultStartLevel=4 -Declipse.product=org.eclipse.jdt.ls.core.product -Djava.import.generatesMetadataFilesAtProjectRoot=false -Dm2e.project.cache.size=50 -DDetectVMInstallationsJob.disabled=true -Dfile.encoding=utf8 -XX:+UseParallelGC -XX:GCTimeRatio=4 -XX:AdaptiveSizePolicyWeight=90 -Dsun.zip.disableMemoryMapping=true -Xmx64G -Xms100m -Xlog:disable -javaagent:c:\Users\TanushVaish\.vscode\extensions\redhat.java-1.56.0-win32-x64\lombok\lombok-1.18.39-4050.jar 
java_command: c:\Users\TanushVaish\.vscode\extensions\redhat.java-1.56.0-win32-x64\server\plugins\org.eclipse.equinox.launcher_1.8.0.v20260804-1928.jar -configuration c:\Users\TanushVaish\AppData\Roaming\Code\User\globalStorage\redhat.java\1.56.0\config_ss_win -data c:\Users\TanushVaish\AppData\Roaming\Code\User\workspaceStorage\d1a0b086d11cab4b3ec97f5af116dc0e\redhat.java\ss_ws --pipe=\\.\pipe\lsp-d45ed19d64f699750f0992efeb266f8f-sock
java_class_path (initial): c:\Users\TanushVaish\.vscode\extensions\redhat.java-1.56.0-win32-x64\server\plugins\org.eclipse.equinox.launcher_1.8.0.v20260804-1928.jar
Launcher Type: SUN_STANDARD

[Global flags]
    uintx AdaptiveSizePolicyWeight                 = 90                                        {product} {command line}
     intx CICompilerCount                          = 4                                         {product} {ergonomic}
    uintx GCTimeRatio                              = 4                                         {product} {command line}
   size_t InitialHeapSize                          = 104857600                                 {product} {command line}
   size_t MaxHeapSize                              = 68719476736                               {product} {command line}
   size_t MaxNewSize                               = 22906142720                               {product} {ergonomic}
   size_t MinHeapDeltaBytes                        = 524288                                    {product} {ergonomic}
   size_t MinHeapSize                              = 104857600                                 {product} {command line}
   size_t NewSize                                  = 34603008                                  {product} {ergonomic}
    uintx NonNMethodCodeHeapSize                   = 5839372                                {pd product} {ergonomic}
    uintx NonProfiledCodeHeapSize                  = 122909434                              {pd product} {ergonomic}
   size_t OldSize                                  = 70254592                                  {product} {ergonomic}
    uintx ProfiledCodeHeapSize                     = 122909434                              {pd product} {ergonomic}
    uintx ReservedCodeCacheSize                    = 251658240                              {pd product} {ergonomic}
     bool SegmentedCodeCache                       = true                                      {product} {ergonomic}
   size_t SoftMaxHeapSize                          = 68719476736                            {manageable} {ergonomic}
     bool UseLargePagesIndividualAllocation        = false                                  {pd product} {ergonomic}
     bool UseParallelGC                            = true                                      {product} {command line}

Logging:
Log output configuration:
 #0: stdout all=off uptime,level,tags foldmultilines=false
 #1: stderr all=off uptime,level,tags foldmultilines=false

Release file:
JAVA_VERSION="21.0.12.1" 
MODULES="java.base java.compiler java.datatransfer java.xml java.prefs java.desktop java.instrument java.logging java.management java.security.sasl java.naming java.rmi java.management.rmi java.net.http java.scripting java.security.jgss java.transaction.xa java.sql java.sql.rowset java.xml.crypto java.se java.smartcardio jdk.accessibility jdk.internal.jvmstat jdk.attach jdk.charsets jdk.internal.opt jdk.zipfs jdk.compiler jdk.crypto.ec jdk.crypto.cryptoki jdk.crypto.mscapi jdk.dynalink jdk.internal.ed jdk.editpad jdk.hotspot.agent jdk.httpserver jdk.internal.le jdk.internal.vm.ci jdk.internal.vm.compiler jdk.internal.vm.compiler.management jdk.jartool jdk.javadoc jdk.jcmd jdk.management jdk.management.agent jdk.jconsole jdk.jdeps jdk.jdwp.agent jdk.jdi jdk.jfr jdk.jshell jdk.jsobject jdk.jstatd jdk.localedata jdk.management.jfr jdk.naming.dns jdk.naming.rmi jdk.net jdk.nio.mapmode jdk.random jdk.sctp jdk.security.auth jdk.security.jgss jdk.unsupported jdk.unsupported.desktop jdk.xml.dom" 

Environment Variables:
PATH=C:\Program Files\Common Files\Oracle\Java\javapath;C:\Program Files\Python314\Scripts\;C:\Program Files\Python314\;C:\Windows\system32;C:\Windows;C:\Windows\System32\Wbem;C:\Windows\System32\WindowsPowerShell\v1.0\;C:\Windows\System32\OpenSSH\;C:\Program Files\Git\cmd;C:\Program Files\dotnet\;C:\Program Files\Java\jdk-21.0.11\bin;C:\Users\TanushVaish\AppData\Local\Microsoft\WindowsApps;C:\Users\TanushVaish\AppData\Local\Programs\Microsoft VS Code\bin
USERNAME=TanushVaish
OS=Windows_NT
PROCESSOR_IDENTIFIER=AMD64 Family 23 Model 24 Stepping 1, AuthenticAMD
TMP=C:\Users\TANUSH~1\AppData\Local\Temp
TEMP=C:\Users\TANUSH~1\AppData\Local\Temp




Periodic native trim disabled

---------------  S Y S T E M  ---------------

OS:
 Windows 10 , 64 bit Build 19041 (10.0.19041.7725)
OS uptime: 0 days 1:25 hours

CPU: total 8 (initial active 8) (8 cores per cpu, 2 threads per core) family 23 model 24 stepping 1 microcode 0x0, cx8, cmov, fxsr, ht, mmx, 3dnowpref, sse, sse2, sse3, ssse3, sse4a, sse4.1, sse4.2, popcnt, lzcnt, tsc, tscinvbit, avx, avx2, aes, clmul, bmi1, bmi2, adx, sha, fma, vzeroupper, clflush, clflushopt, rdtscp, f16c
Processor Information for the first 8 processors :
  Max Mhz: 2100, Current Mhz: 1400, Mhz Limit: 2100

Memory: 4k page, system-wide physical 6086M (115M free)
TotalPageFile size 18049M (AvailPageFile size 4M)
current process WorkingSet (physical memory assigned to process): 129M, peak: 132M
current process commit charge ("private bytes"): 2385M, peak: 2391M

vm_info: OpenJDK 64-Bit Server VM (21.0.12.1+1-LTS) for windows-amd64 JRE (21.0.12.1+1-LTS), built on 2026-08-18T00:00:00Z by "admin" with MS VC++ 17.12 (VS2022)

END.
